Workbook
Name grade: [1]임계풍속!$K$13
Name 설계번호: [2]환기량!$B$7
Name 젯트팬구경: [3]input!#REF!
Name 젯트팬구경: [3]input!#REF!
Name 젯트팬구경: [3]input!#REF!
Name 젯트팬구경: [3]input!#REF!
Name 중방향계수: [3]교통량!#REF!
Name 중방향계수: [3]교통량!#REF!
Name 중방향계수: [3]교통량!#REF!
Name 중방향계수: [3]교통량!#REF!

Sheet 환기량 산정
A1: 1. 환기량산출 설계조건 | F1: 노란색 | G1: 만 입력
A3: ◈ 터널명 | B3: 진북터널
A4: ◈ 도로구분 | B4: 해저터널
A6: 구 분 | B6: 마산 | C6: 방향 | D6: ⇒ | E6: 진주 | F6: 방향 | G6: =E6 -> 진주 | H6: 방향 | I6: =D6 -> ⇒ | J6: =B6 -> 마산 | K6: 방향
B7: 1구간 | C7: 2구간 | D7: 3구간 | E7: 4구간 | F7: 5구간 | G7: 1구간 | H7: 2구간 | I7: 3구간 | J7: 4구간 | K7: 5구간
A8: 터널구배 [%] | B8: 0 | G8: 1.784
A9: 터널길이 [m] | B9: 1000 | G9: 904.56
A10: 평균표고 [m] | B10: 0 | G10: 0
A11: 차선수 [N] | B11: 1 | G11: 2
A12: 구 분 | B12: 6구간 | C12: 7구간 | D12: 8구간 | E12: 9구간 | F12: 10구간 | G12: 6구간 | H12: 7구간 | I12: 8구간 | J12: 9구간 | K12: 10구간
A13: 터널구배 [%]
A14: 터널길이 [m]
A15: 평균표고 [m]
A16: 차선수 [N]
A17: 터널연장 [m] | C17: =B9+C9+D9+E9+F9+B14+C14+D14+E14+F14 -> 1000 | H17: =G9+H9+I9+J9+K9+G14+H14+I14+J14+K14 -> 904.56
A18: 터널내공단면적 [Ar] | C18: 58.67216 | D18: [ m2 ] | H18: =C18 -> 58.67216 | I18: [ m2 ]
A19: 터널둘레길이 [Lp] | C19: 29.728 | D19: [ m ] | H19: =C19 -> 29.728 | I19: [ m ]
A20: 터널대표직경(Dr=(4 * Ar)/Lp) | C20: 7.894531 | D20: [ m ] | H20: =ROUND(4*H18/H19,3) -> 7.895 | I20: [ m ]
A23: ◈ 설계속도(V) = | C23: 적용CODE | D23: =IF(D24=120,0.1,IF(D24=100,0.2,IF(D24=80,0.3))) -> 0.3 | F23: 120km : 0.1 | G23: 100km : 0.2 | H23: 80km : 0.3
B24: ( 단, 환기설계상 속도 = | D24: 80 | E24: (km/h )
A25: ◈ 서비스수준 | C25: 적용CODE | D25: =IF(D26="A",1,IF(D26="B",2,IF(D26="C",3,IF(D26="D",4,IF(D26="E",5,6))))) -> 4 | E25: 1 | F25: 2 | G25: 3 | H25: 4 | I25: 5 | J25: 6
C26: 서비스수준 | D26: D | E26: A | F26: B | G26: C | H26: D | I26: E | J26: F
B29: =IF(D25<=3,"첨두시교통량을 입력하세요","최대용량사용") -> 최대용량사용
A30: ◈ 첨두시교통량 | B30: =E6 -> 진주 | C30: 2200 | D30: 대/시 | I30: =1.4536*1.2 -> 1.74432 | J30: =1.2*60+I30 -> 73.74432
B31: =J6 -> 마산 | C31: 2200 | D31: 대/시
M33: 대형차통과대수
A34: 1) 추정교통량 | B34: =B6 -> 마산 | C34: =D6 -> ⇒ | D34: =E6 -> 진주 | E34: 구 간 | G34: 적용년도 | H34: 2222 | I34: 년 | J34: 내림차순(년도)으로 입력 | M34: =H38+I38+J38 -> 4214 | N34: =H46+I46+J46 -> 0 | O34: =H46+I46+J46 -> 0
A35: 목표년도 | C35: 일교통량 (대/일) | K35: 합 계 | L35: 대형차 | M35: 년도별 | R35: 17079
C36: 승용차 | E36: 버스 | I36: 트 럭 | L36: 혼입율 | M36: AADT비율 | R36: 11386
C37: 휘발유 | D37: 경유 | E37: 소형 | F37: 대형 | G37: 소형 | H37: 중형 | I37: 대형 | J37: 특수 | K37: (AADT) | L37: (Pt) | M37: (%) | R37: =R35+R36 -> 28465
A38: 2222 | C38: =I48*0.6 -> 49804.2 | D38: =I48*0.4 -> 33202.8 | E38: 0 | F38: 815 | G38: 14331 | H38: 3020 | I38: 332 | J38: 862 | K38: =SUM(C38:J38) -> 102367 | M38: =K38/K38 -> 1
B39: 차량별혼입율 | C39: =ROUND($C38/$K38*100,2) -> 48.65 | D39: =ROUND($D38/$K38*100,2) -> 32.44 | E39: =ROUND($E38/$K38*100,2) -> 0 | F39: =ROUND($F38/$K38*100,2) -> 0.8 | G39: =ROUND($G38/$K38*100,2) -> 14 | H39: =ROUND($H38/$K38*100,2) -> 2.95 | I39: =ROUND($I38/$K38*100,2) -> 0.32 | J39: =ROUND($J38/K38*100,2) -> 0.84 | K39: =SUM(C39:J39) -> 100 | L39: =ROUND(F39+H39+I39+J39,2) -> 4.91
K40: =SUM(C40:J40) -> 0 | M40: =K40/K38 -> 0
B41: 차량별혼입율 | C41: =ROUND($C40/$K40*100,2) -> #DIV/0! | D41: =ROUND($D40/$K40*100,2) -> #DIV/0! | E41: =ROUND($E40/$K40*100,2) -> #DIV/0! | F41: =ROUND($F40/$K40*100,2) -> #DIV/0! | G41: =ROUND($G40/$K40*100,2) -> #DIV/0! | H41: =ROUND($H40/$K40*100,2) -> #DIV/0! | I41: =ROUND($I40/$K40*100,2) -> #DIV/0! | J41: =ROUND($J40/K40*100,2) -> #DIV/0! | K41: =SUM(C41:J41) -> #DIV/0! | L41: =ROUND(F41+H41+I41+J41,2) -> #DIV/0!
K42: =SUM(C42:J42) -> 0 | M42: =K42/K38 -> 0
B43: 차량별혼입율 | C43: =ROUND($C42/$K42*100,2) -> #DIV/0! | D43: =ROUND($D42/$K42*100,2) -> #DIV/0! | E43: =ROUND($E42/$K42*100,2) -> #DIV/0! | F43: =ROUND($F42/$K42*100,2) -> #DIV/0! | G43: =ROUND($G42/$K42*100,2) -> #DIV/0! | H43: =ROUND($H42/$K42*100,2) -> #DIV/0! | I43: =ROUND($I42/$K42*100,2) -> #DIV/0! | J43: =ROUND($J42/K42*100,2) -> #DIV/0! | K43: =SUM(C43:J43) -> #DIV/0! | L43: =ROUND(F43+H43+I43+J43,2) -> #DIV/0!
K44: =SUM(C44:J44) -> 0 | M44: =K44/K38 -> 0
B45: 차량별혼입율 | C45: =ROUND($C44/$K44*100,2) -> #DIV/0! | D45: =ROUND($D44/$K44*100,2) -> #DIV/0! | E45: =ROUND($E44/$K44*100,2) -> #DIV/0! | F45: =ROUND($F44/$K44*100,2) -> #DIV/0! | G45: =ROUND($G44/$K44*100,2) -> #DIV/0! | H45: =ROUND($H44/$K44*100,2) -> #DIV/0! | I45: =ROUND($I44/$K44*100,2) -> #DIV/0! | J45: =ROUND($J44/K44*100,2) -> #DIV/0! | K45: =SUM(C45:J45) -> #DIV/0! | L45: =ROUND(F45+H45+I45+J45,2) -> #DIV/0!
K46: =SUM(C46:J46) -> 0 | M46: =K46/K38 -> 0
B47: 차량별혼입율 | C47: =ROUND($C46/$K46*100,2) -> #DIV/0! | D47: =ROUND($D46/$K46*100,2) -> #DIV/0! | E47: =ROUND($E46/$K46*100,2) -> #DIV/0! | F47: =ROUND($F46/$K46*100,2) -> #DIV/0! | G47: =ROUND($G46/$K46*100,2) -> #DIV/0! | H47: =ROUND($H46/$K46*100,2) -> #DIV/0! | I47: =ROUND($I46/$K46*100,2) -> #DIV/0! | J47: =ROUND($J46/K46*100,2) -> #DIV/0! | K47: =SUM(C47:J47) -> #DIV/0! | L47: =ROUND(F47+H47+I47+J47,2) -> #DIV/0!
C48: *경유승용차의 교통량은 승용차전체 교통량의 40%적용 | H48: 승용차 | I48: 83007
A51: 2) 추정교통량 | B51: =G6 -> 진주 | C51: =I6 -> ⇒ | D51: =J6 -> 마산 | E51: 구 간 | G51: 적용년도 | H51: =H34 -> 2222 | I51: 년 | J51: 내림차순(년도)으로 입력
A52: 목표년도 | C52: 일교통량 (대/일) | K52: 합 계 | L52: 대형차 | M52: 년도별
C53: 승용차 | E53: 버스 | I53: 트 럭 | L53: 혼입율 | M53: AADT비율
C54: 휘발유 | D54: 경유 | E54: 소형 | F54: 대형 | G54: 소형 | H54: 중형 | I54: 대형 | J54: 특수 | K54: (AADT) | L54: (Pt) | M54: (%)
A55: =A38 -> 2222 | C55: =I65*0.6 -> 49804.2 | D55: =I65*0.4 -> 33202.8 | E55: 0 | F55: 815 | G55: 14331 | H55: 3020 | I55: 332 | J55: 862 | K55: =SUM(C55:J55) -> 102367 | M55: =K55/K55 -> 1
B56: 차량별혼입율 | C56: =ROUND($C55/$K55*100,2) -> 48.65 | D56: =ROUND($D55/$K55*100,2) -> 32.44 | E56: =ROUND($E55/$K55*100,2) -> 0 | F56: =ROUND($F55/$K55*100,2) -> 0.8 | G56: =ROUND($G55/$K55*100,2) -> 14 | H56: =ROUND($H55/$K55*100,2) -> 2.95 | I56: =ROUND($I55/$K55*100,2) -> 0.32 | J56: =ROUND($J55/K55*100,2) -> 0.84 | K56: =SUM(C56:J56) -> 100 | L56: =ROUND(F56+H56+I56+J56,2) -> 4.91
C57: =C40 -> 0 | D57: =D40 -> 0 | E57: =E40 -> 0 | F57: =F40 -> 0 | G57: =G40 -> 0 | H57: =H40 -> 0 | I57: =I40 -> 0 | J57: =J40 -> 0 | K57: =SUM(C57:J57) -> 0 | M57: =K57/K55 -> 0
B58: 차량별혼입율 | C58: =ROUND($C57/$K57*100,2) -> #DIV/0! | D58: =ROUND($D57/$K57*100,2) -> #DIV/0! | E58: =ROUND($E57/$K57*100,2) -> #DIV/0! | F58: =ROUND($F57/$K57*100,2) -> #DIV/0! | G58: =ROUND($G57/$K57*100,2) -> #DIV/0! | H58: =ROUND($H57/$K57*100,2) -> #DIV/0! | I58: =ROUND($I57/$K57*100,2) -> #DIV/0! | J58: =ROUND($J57/K57*100,2) -> #DIV/0! | K58: =SUM(C58:J58) -> #DIV/0! | L58: =ROUND(F58+H58+I58+J58,2) -> #DIV/0!
C59: =C42 -> 0 | D59: =D42 -> 0 | E59: =E42 -> 0 | F59: =F42 -> 0 | G59: =G42 -> 0 | H59: =H42 -> 0 | I59: =I42 -> 0 | J59: =J42 -> 0 | K59: =SUM(C59:J59) -> 0 | M59: =K59/K55 -> 0
B60: 차량별혼입율 | C60: =ROUND($C59/$K59*100,2) -> #DIV/0! | D60: =ROUND($D59/$K59*100,2) -> #DIV/0! | E60: =ROUND($E59/$K59*100,2) -> #DIV/0! | F60: =ROUND($F59/$K59*100,2) -> #DIV/0! | G60: =ROUND($G59/$K59*100,2) -> #DIV/0! | H60: =ROUND($H59/$K59*100,2) -> #DIV/0! | I60: =ROUND($I59/$K59*100,2) -> #DIV/0! | J60: =ROUND($J59/K59*100,2) -> #DIV/0! | K60: =SUM(C60:J60) -> #DIV/0! | L60: =ROUND(F60+H60+I60+J60,2) -> #DIV/0!
C61: =C44 -> 0 | D61: =D44 -> 0 | E61: =E44 -> 0 | F61: =F44 -> 0 | G61: =G44 -> 0 | H61: =H44 -> 0 | I61: =I44 -> 0 | J61: =J44 -> 0 | K61: =SUM(C61:J61) -> 0 | M61: =K61/K55 -> 0
B62: 차량별혼입율 | C62: =ROUND($C61/$K61*100,2) -> #DIV/0! | D62: =ROUND($D61/$K61*100,2) -> #DIV/0! | E62: =ROUND($E61/$K61*100,2) -> #DIV/0! | F62: =ROUND($F61/$K61*100,2) -> #DIV/0! | G62: =ROUND($G61/$K61*100,2) -> #DIV/0! | H62: =ROUND($H61/$K61*100,2) -> #DIV/0! | I62: =ROUND($I61/$K61*100,2) -> #DIV/0! | J62: =ROUND($J61/K61*100,2) -> #DIV/0! | K62: =SUM(C62:J62) -> #DIV/0! | L62: =ROUND(F62+H62+I62+J62,2) -> #DIV/0!
C63: =C46 -> 0 | D63: =D46 -> 0 | E63: =E46 -> 0 | F63: =F46 -> 0 | G63: =G46 -> 0 | H63: =H46 -> 0 | I63: =I46 -> 0 | J63: =J46 -> 0 | K63: =SUM(C63:J63) -> 0 | M63: =K63/K55 -> 0
B64: 차량별혼입율 | C64: =ROUND($C63/$K63*100,2) -> #DIV/0! | D64: =ROUND($D63/$K63*100,2) -> #DIV/0! | E64: =ROUND($E63/$K63*100,2) -> #DIV/0! | F64: =ROUND($F63/$K63*100,2) -> #DIV/0! | G64: =ROUND($G63/$K63*100,2) -> #DIV/0! | H64: =ROUND($H63/$K63*100,2) -> #DIV/0! | I64: =ROUND($I63/$K63*100,2) -> #DIV/0! | J64: =ROUND($J63/K63*100,2) -> #DIV/0! | K64: =SUM(C64:J64) -> #DIV/0! | L64: =ROUND(F64+H64+I64+J64,2) -> #DIV/0!
C65: *경유승용차의 교통량은 승용차전체 교통량의 40%적용 | H65: 승용차 | I65: =I48 -> 83007
A67: 2. 매연(Smoke)에 대한 소요환기량
A68: 1) 적용식
A69: QT = Qaver × ( 1 / 3600 ) × ( 1 / Klim - Kamb ) × n × L × 차선수 [ m3/s ]
B70: QT : 오염물질에 대한 소요환기량 [ m3/s ]
B71: Qaver : 환산승용차대당 평균배출량 [ m2/h*대 ]
B72: n : 교통량 [ PCU대/km lane ] | G72: lim : 설계농도 [ m-1 ]
B73: L : 터널길이 [ km ] | G73: amb : 외부농도 [ m-1 ]
A75: 2) 매연배출량 [qoT]의 기준 적용값 | D75: 적용CODE | E75: 1
A76: 범례 : No Law = 1, EEC 49+24 =2, EEC R 49+24 EEC=3, 88/77=4
A77: USTransient 88=5, US Transient 91=6, Us Transient 94=7
B78: Truck, Bus with diesel motors ( m >3.5 ton )
C79: qoT ( m2/h, veh) V = | E79: 60 | F79: Km/h
A80: Emission Law | B80: Control | D80: Truck weight (ton)
C81: 5 | D81: 10 | E81: 20 | F81: 40
C82: 80-130 | D82: 160-250 | E82: 300-400 | F82: 400-600
A83: 한도공 설계기준 | B83: no | C83: 72 | D83: 160 | E83: 235 | F83: 275
A84: EEC R 49 + 24 | B84: no | C84: 80 | D84: 160 | E84: 240 | F84: 280
A85: EEC R 49 + 24 EEC | B85: yes | C85: 65 | D85: 130 | E85: 200 | F85: 240
A86: 88 / 77 | B86: yes | C86: 50 | D86: 100 | E86: 160 | F86: 200
A87: US Transient 88 | B87: yes | C87: 50 | D87: 100 | E87: 160 | F87: 200
A88: US Transient 91 | B88: yes | C88: 30 | D88: 60 | E88: 100 | F88: 140
A89: US Transient 94 | B89: yes | C89: 20 | D89: 40 | E89: 70 | F89: 110
A91: 구 분 | C91: 매연 배출량 허용기준 | F91: 기준배출량
C92: [ g / km ] | F92: [ m2 / h * 대 ]
A93: 승 용 차 | B93: 휘발유 | D93: 0 | E93: 이하 | F93: =ROUND(6.25*D93*($C$101/100)*$E$101,4) -> 0
B94: 경유 | D94: 0.0045 | E94: 이하 | F94: =ROUND(6.25*D94*($C$101/100)*$E$101,4) -> 0.8712
A95: 소 형 버 스 | D95: 0.0045 | E95: 이하 | F95: =ROUND(6.25*D95*($C$101/100)*$E$101,4) -> 0.8712
A96: 소 형 트 럭 | D96: 0.0045 | E96: 이하 | F96: =ROUND(6.25*D96*($C$101/100)*$E$101,4) -> 0.8712
A97: 중 형 트 럭 | C97: 111 | D97: PS | F97: =ROUND(6.25*$E$98*C97*($C$101/100)*0.7355,4) -> 3.8269
A98: 대 형 버 스 | C98: 226 | D98: PS | E98: 0.01 | F98: =ROUND(6.25*$E$98*C98*($C$101/100)*0.7355,4) -> 7.7917
A99: 대 형 트 럭 | C99: 250 | D99: PS | E99: [ g/kw*h ] | F99: =ROUND(6.25*$E$98*C99*($C$101/100)*0.7355,4) -> 8.6191
A100: 특 수 트 럭 | C100: 323.5 | D100: =D98 -> PS | E100: 이하 | F100: =ROUND(6.25*$E$98*C100*($C$101/100)*0.7355,4) -> 11.1532
B101: 감소계수 | C101: 75 | D101: % (V = | E101: 41.3 | F101: km/h)
A103: 3) 허용 매연농도 적용값
A104: 속 도 (km/h) | B104: V=10km/h | C104: V=20 ~ 40km/h | E104: V=50km/h
B105: 이하 | E105: 이상
A106: Klim-1 | B106: 0.009 | C106: 0.007 | E106: 0.005
A108: 4) 속도경사보정계수 [ fiv ]
A109: a) 휘발유 승용차
A110: 구 분( km/h ) | C110: 10 | D110: 20 | E110: 30 | F110: 40 | G110: 50 | H110: 60 | I110: 70 | J110: 80
A111: =E6 -> 진주 | B111: =B7 -> 1구간 | C111: =PM보정계수!S7 -> 0.5 | D111: =PM보정계수!T7 -> 1 | E111: =PM보정계수!U7 -> 1 | F111: =PM보정계수!V7 -> 1 | G111: =PM보정계수!W7 -> 1 | H111: =PM보정계수!X7 -> 1.5 | I111: =PM보정계수!Y7 -> 1.5 | J111: =PM보정계수!Z7 -> 2.5
A112: =F6 -> 방향 | B112: =C7 -> 2구간 | C112: =PM보정계수!S8 -> 0.5 | D112: =PM보정계수!T8 -> 1 | E112: =PM보정계수!U8 -> 1 | F112: =PM보정계수!V8 -> 1 | G112: =PM보정계수!W8 -> 1 | H112: =PM보정계수!X8 -> 1.5 | I112: =PM보정계수!Y8 -> 1.5 | J112: =PM보정계수!Z8 -> 2.5
B113: =D7 -> 3구간 | C113: =PM보정계수!S9 -> 0.5 | D113: =PM보정계수!T9 -> 1 | E113: =PM보정계수!U9 -> 1 | F113: =PM보정계수!V9 -> 1 | G113: =PM보정계수!W9 -> 1 | H113: =PM보정계수!X9 -> 1.5 | I113: =PM보정계수!Y9 -> 1.5 | J113: =PM보정계수!Z9 -> 2.5
B114: =E7 -> 4구간 | C114: =PM보정계수!S10 -> 0.5 | D114: =PM보정계수!T10 -> 1 | E114: =PM보정계수!U10 -> 1 | F114: =PM보정계수!V10 -> 1 | G114: =PM보정계수!W10 -> 1 | H114: =PM보정계수!X10 -> 1.5 | I114: =PM보정계수!Y10 -> 1.5 | J114: =PM보정계수!Z10 -> 2.5
...

Sheet PM보정계수
A2: 입자상물질 속도·경사보정계수 | Q2: 1. 입자상물질 속도·경사보정계수 산정
A4: (1) 승용차 / 휘발유 | Q4: 1.1 | R4: ='환기량 산정'!E6 -> 진주 | S4: 방향 | AB4: 1.2 | AC4: ='환기량 산정'!J6 -> 마산 | AD4: 방향
C5: 경사도(%) | Q5: (1.1-1) 승용차 / 휘발유 | AB5: (1.2-1) 승용차 / 휘발유 | AM5: 검증
A6: 차속 | B6: -100 | C6: -6 | D6: =(C6+E6)/2 -> -5 | E6: -4 | F6: =(E6+G6)/2 -> -3 | G6: -2 | H6: =(G6+I6)/2 -> -1 | I6: 0 | J6: =(I6+K6)/2 -> 1 | K6: 2 | L6: =(K6+M6)/2 -> 3 | M6: 4 | N6: =(M6+O6)/2 -> 5 | O6: 6 | Q6: 구간 | R6: 경사도(%) | S6: 10 | T6: 20 | U6: 30 | V6: 40 | W6: 50 | X6: 60 | Y6: 70 | Z6: 80 | AB6: 구간 | AC6: 경사도(%) | AD6: 10 | AE6: 20 | AF6: 30 | AG6: 40 | AH6: 50 | AI6: 60 | AJ6: 70 | AK6: 80 | AM6: 구분 | AN6: 10 | AO6: 20 | AP6: 30 | AQ6: 40 | AR6: 50 | AS6: 60 | AT6: 70 | AU6: 80
A7: 0 | B7: =C7 -> 0 | C7: 0 | D7: =(C7+E7)/2 -> 0 | E7: 0 | F7: =(E7+G7)/2 -> 0 | G7: 0 | H7: =(G7+I7)/2 -> 0 | I7: 0 | J7: =(I7+K7)/2 -> 0 | K7: 0 | L7: =(K7+M7)/2 -> 0 | M7: 0 | N7: =(M7+O7)/2 -> 0 | O7: 0 | Q7: 1구간 | R7: ='환기량 산정'!B8 -> 0 | S7: =HLOOKUP(INT($R7),$B$6:$O$17,3)+(HLOOKUP(INT($R7)+1,$B$6:$O$17,3)-HLOOKUP(INT($R7),$B$6:$O$17,3))*($R7-INT($R7)) -> 0.5 | T7: =HLOOKUP(INT($R7),$B$6:$O$17,4)+(HLOOKUP(INT($R7)+1,$B$6:$O$17,4)-HLOOKUP(INT($R7),$B$6:$O$17,4))*($R7-INT($R7)) -> 1 | U7: =HLOOKUP(INT($R7),$B$6:$O$17,5)+(HLOOKUP(INT($R7)+1,$B$6:$O$17,5)-HLOOKUP(INT($R7),$B$6:$O$17,5))*($R7-INT($R7)) -> 1 | V7: =HLOOKUP(INT($R7),$B$6:$O$17,6)+(HLOOKUP(INT($R7)+1,$B$6:$O$17,6)-HLOOKUP(INT($R7),$B$6:$O$17,6))*($R7-INT($R7)) -> 1 | W7: =HLOOKUP(INT($R7),$B$6:$O$17,7)+(HLOOKUP(INT($R7)+1,$B$6:$O$17,7)-HLOOKUP(INT($R7),$B$6:$O$17,7))*($R7-INT($R7)) -> 1 | X7: =HLOOKUP(INT($R7),$B$6:$O$17,8)+(HLOOKUP(INT($R7)+1,$B$6:$O$17,8)-HLOOKUP(INT($R7),$B$6:$O$17,8))*($R7-INT($R7)) -> 1.5 | Y7: =HLOOKUP(INT($R7),$B$6:$O$17,9)+(HLOOKUP(INT($R7)+1,$B$6:$O$17,9)-HLOOKUP(INT($R7),$B$6:$O$17,9))*($R7-INT($R7)) -> 1.5 | Z7: =HLOOKUP(INT($R7),$B$6:$O$17,10)+(HLOOKUP(INT($R7)+1,$B$6:$O$17,10)-HLOOKUP(INT($R7),$B$6:$O$17,10))*($R7-INT($R7)) -> 2.5 | AB7: 1구간 | AC7: ='환기량 산정'!G8 -> 1.784 | AD7: =HLOOKUP(INT($AC7),$B$6:$O$17,3)+(HLOOKUP(INT($AC7)+1,$B$6:$O$17,3)-HLOOKUP(INT($AC7),$B$6:$O$17,3))*($AC7-INT($AC7)) -> 0.946 | AE7: =HLOOKUP(INT($AC7),$B$6:$O$17,4)+(HLOOKUP(INT($AC7)+1,$B$6:$O$17,4)-HLOOKUP(INT($AC7),$B$6:$O$17,4))*($AC7-INT($AC7)) -> 1 | AF7: =HLOOKUP(INT($AC7),$B$6:$O$17,5)+(HLOOKUP(INT($AC7)+1,$B$6:$O$17,5)-HLOOKUP(INT($AC7),$B$6:$O$17,5))*($AC7-INT($AC7)) -> 1 | AG7: =HLOOKUP(INT($AC7),$B$6:$O$17,6)+(HLOOKUP(INT($AC7)+1,$B$6:$O$17,6)-HLOOKUP(INT($AC7),$B$6:$O$17,6))*($AC7-INT($AC7)) -> 1.446 | AH7: =HLOOKUP(INT($AC7),$B$6:$O$17,7)+(HLOOKUP(INT($AC7)+1,$B$6:$O$17,7)-HLOOKUP(INT($AC7),$B$6:$O$17,7))*($AC7-INT($AC7)) -> 1.446 | AI7: =HLOOKUP(INT($AC7),$B$6:$O$17,8)+(HLOOKUP(INT($AC7)+1,$B$6:$O$17,8)-HLOOKUP(INT($AC7),$B$6:$O$17,8))*($AC7-INT($AC7)) -> 1.946 | AJ7: =HLOOKUP(INT($AC7),$B$6:$O$17,9)+(HLOOKUP(INT($AC7)+1,$B$6:$O$17,9)-HLOOKUP(INT($AC7),$B$6:$O$17,9))*($AC7-INT($AC7)) -> 2.392 | AK7: =HLOOKUP(INT($AC7),$B$6:$O$17,10)+(HLOOKUP(INT($AC7)+1,$B$6:$O$17,10)-HLOOKUP(INT($AC7),$B$6:$O$17,10))*($AC7-INT($AC7)) -> 3.838 | AM7: 경사도(%) | AN7: 0 | AO7: =AN7 -> 0 | AP7: =AO7 -> 0 | AQ7: =AP7 -> 0 | AR7: =AQ7 -> 0 | AS7: =AR7 -> 0 | AT7: =AS7 -> 0 | AU7: =AT7 -> 0
A8: 10 | B8: =C8 -> 0.5 | C8: 0.5 | D8: =(C8+E8)/2 -> 0.5 | E8: 0.5 | F8: =(E8+G8)/2 -> 0.5 | G8: 0.5 | H8: =(G8+I8)/2 -> 0.5 | I8: 0.5 | J8: =(I8+K8)/2 -> 0.75 | K8: 1 | L8: =(K8+M8)/2 -> 1 | M8: 1 | N8: =(M8+O8)/2 -> 1 | O8: 1 | Q8: 2구간 | R8: ='환기량 산정'!C8 -> 0 | S8: =HLOOKUP(INT($R8),$B$6:$O$17,3)+(HLOOKUP(INT($R8)+1,$B$6:$O$17,3)-HLOOKUP(INT($R8),$B$6:$O$17,3))*($R8-INT($R8)) -> 0.5 | T8: =HLOOKUP(INT($R8),$B$6:$O$17,4)+(HLOOKUP(INT($R8)+1,$B$6:$O$17,4)-HLOOKUP(INT($R8),$B$6:$O$17,4))*($R8-INT($R8)) -> 1 | U8: =HLOOKUP(INT($R8),$B$6:$O$17,5)+(HLOOKUP(INT($R8)+1,$B$6:$O$17,5)-HLOOKUP(INT($R8),$B$6:$O$17,5))*($R8-INT($R8)) -> 1 | V8: =HLOOKUP(INT($R8),$B$6:$O$17,6)+(HLOOKUP(INT($R8)+1,$B$6:$O$17,6)-HLOOKUP(INT($R8),$B$6:$O$17,6))*($R8-INT($R8)) -> 1 | W8: =HLOOKUP(INT($R8),$B$6:$O$17,7)+(HLOOKUP(INT($R8)+1,$B$6:$O$17,7)-HLOOKUP(INT($R8),$B$6:$O$17,7))*($R8-INT($R8)) -> 1 | X8: =HLOOKUP(INT($R8),$B$6:$O$17,8)+(HLOOKUP(INT($R8)+1,$B$6:$O$17,8)-HLOOKUP(INT($R8),$B$6:$O$17,8))*($R8-INT($R8)) -> 1.5 | Y8: =HLOOKUP(INT($R8),$B$6:$O$17,9)+(HLOOKUP(INT($R8)+1,$B$6:$O$17,9)-HLOOKUP(INT($R8),$B$6:$O$17,9))*($R8-INT($R8)) -> 1.5 | Z8: =HLOOKUP(INT($R8),$B$6:$O$17,10)+(HLOOKUP(INT($R8)+1,$B$6:$O$17,10)-HLOOKUP(INT($R8),$B$6:$O$17,10))*($R8-INT($R8)) -> 2.5 | AB8: 2구간 | AC8: ='환기량 산정'!H8 -> 0 | AD8: =HLOOKUP(INT($AC8),$B$6:$O$17,3)+(HLOOKUP(INT($AC8)+1,$B$6:$O$17,3)-HLOOKUP(INT($AC8),$B$6:$O$17,3))*($AC8-INT($AC8)) -> 0.5 | AE8: =HLOOKUP(INT($AC8),$B$6:$O$17,4)+(HLOOKUP(INT($AC8)+1,$B$6:$O$17,4)-HLOOKUP(INT($AC8),$B$6:$O$17,4))*($AC8-INT($AC8)) -> 1 | AF8: =HLOOKUP(INT($AC8),$B$6:$O$17,5)+(HLOOKUP(INT($AC8)+1,$B$6:$O$17,5)-HLOOKUP(INT($AC8),$B$6:$O$17,5))*($AC8-INT($AC8)) -> 1 | AG8: =HLOOKUP(INT($AC8),$B$6:$O$17,6)+(HLOOKUP(INT($AC8)+1,$B$6:$O$17,6)-HLOOKUP(INT($AC8),$B$6:$O$17,6))*($AC8-INT($AC8)) -> 1 | AH8: =HLOOKUP(INT($AC8),$B$6:$O$17,7)+(HLOOKUP(INT($AC8)+1,$B$6:$O$17,7)-HLOOKUP(INT($AC8),$B$6:$O$17,7))*($AC8-INT($AC8)) -> 1 | AI8: =HLOOKUP(INT($AC8),$B$6:$O$17,8)+(HLOOKUP(INT($AC8)+1,$B$6:$O$17,8)-HLOOKUP(INT($AC8),$B$6:$O$17,8))*($AC8-INT($AC8)) -> 1.5 | AJ8: =HLOOKUP(INT($AC8),$B$6:$O$17,9)+(HLOOKUP(INT($AC8)+1,$B$6:$O$17,9)-HLOOKUP(INT($AC8),$B$6:$O$17,9))*($AC8-INT($AC8)) -> 1.5 | AK8: =HLOOKUP(INT($AC8),$B$6:$O$17,10)+(HLOOKUP(INT($AC8)+1,$B$6:$O$17,10)-HLOOKUP(INT($AC8),$B$6:$O$17,10))*($AC8-INT($AC8)) -> 2.5 | AM8: 보정계수 | AN8: =AN11+(AN13-AN11)*(AN7-AN10) -> 0.5 | AO8: =AO11+(AO13-AO11)*(AO7-AO10) -> 1 | AP8: =AP11+(AP13-AP11)*(AP7-AP10) -> 1 | AQ8: =AQ11+(AQ13-AQ11)*(AQ7-AQ10) -> 1 | AR8: =AR11+(AR13-AR11)*(AR7-AR10) -> 1 | AS8: =AS11+(AS13-AS11)*(AS7-AS10) -> 1.5 | AT8: =AT11+(AT13-AT11)*(AT7-AT10) -> 1.5 | AU8: =AU11+(AU13-AU11)*(AU7-AU10) -> 2.5
A9: 20 | B9: =C9 -> 0.5 | C9: 0.5 | D9: =(C9+E9)/2 -> 0.5 | E9: 0.5 | F9: =(E9+G9)/2 -> 0.5 | G9: 0.5 | H9: =(G9+I9)/2 -> 0.75 | I9: 1 | J9: =(I9+K9)/2 -> 1 | K9: 1 | L9: =(K9+M9)/2 -> 1 | M9: 1 | N9: =(M9+O9)/2 -> 1.25 | O9: 1.5 | Q9: 3구간 | R9: ='환기량 산정'!D8 -> 0 | S9: =HLOOKUP(INT($R9),$B$6:$O$17,3)+(HLOOKUP(INT($R9)+1,$B$6:$O$17,3)-HLOOKUP(INT($R9),$B$6:$O$17,3))*($R9-INT($R9)) -> 0.5 | T9: =HLOOKUP(INT($R9),$B$6:$O$17,4)+(HLOOKUP(INT($R9)+1,$B$6:$O$17,4)-HLOOKUP(INT($R9),$B$6:$O$17,4))*($R9-INT($R9)) -> 1 | U9: =HLOOKUP(INT($R9),$B$6:$O$17,5)+(HLOOKUP(INT($R9)+1,$B$6:$O$17,5)-HLOOKUP(INT($R9),$B$6:$O$17,5))*($R9-INT($R9)) -> 1 | V9: =HLOOKUP(INT($R9),$B$6:$O$17,6)+(HLOOKUP(INT($R9)+1,$B$6:$O$17,6)-HLOOKUP(INT($R9),$B$6:$O$17,6))*($R9-INT($R9)) -> 1 | W9: =HLOOKUP(INT($R9),$B$6:$O$17,7)+(HLOOKUP(INT($R9)+1,$B$6:$O$17,7)-HLOOKUP(INT($R9),$B$6:$O$17,7))*($R9-INT($R9)) -> 1 | X9: =HLOOKUP(INT($R9),$B$6:$O$17,8)+(HLOOKUP(INT($R9)+1,$B$6:$O$17,8)-HLOOKUP(INT($R9),$B$6:$O$17,8))*($R9-INT($R9)) -> 1.5 | Y9: =HLOOKUP(INT($R9),$B$6:$O$17,9)+(HLOOKUP(INT($R9)+1,$B$6:$O$17,9)-HLOOKUP(INT($R9),$B$6:$O$17,9))*($R9-INT($R9)) -> 1.5 | Z9: =HLOOKUP(INT($R9),$B$6:$O$17,10)+(HLOOKUP(INT($R9)+1,$B$6:$O$17,10)-HLOOKUP(INT($R9),$B$6:$O$17,10))*($R9-INT($R9)) -> 2.5 | AB9: 3구간 | AC9: ='환기량 산정'!I8 -> 0 | AD9: =HLOOKUP(INT($AC9),$B$6:$O$17,3)+(HLOOKUP(INT($AC9)+1,$B$6:$O$17,3)-HLOOKUP(INT($AC9),$B$6:$O$17,3))*($AC9-INT($AC9)) -> 0.5 | AE9: =HLOOKUP(INT($AC9),$B$6:$O$17,4)+(HLOOKUP(INT($AC9)+1,$B$6:$O$17,4)-HLOOKUP(INT($AC9),$B$6:$O$17,4))*($AC9-INT($AC9)) -> 1 | AF9: =HLOOKUP(INT($AC9),$B$6:$O$17,5)+(HLOOKUP(INT($AC9)+1,$B$6:$O$17,5)-HLOOKUP(INT($AC9),$B$6:$O$17,5))*($AC9-INT($AC9)) -> 1 | AG9: =HLOOKUP(INT($AC9),$B$6:$O$17,6)+(HLOOKUP(INT($AC9)+1,$B$6:$O$17,6)-HLOOKUP(INT($AC9),$B$6:$O$17,6))*($AC9-INT($AC9)) -> 1 | AH9: =HLOOKUP(INT($AC9),$B$6:$O$17,7)+(HLOOKUP(INT($AC9)+1,$B$6:$O$17,7)-HLOOKUP(INT($AC9),$B$6:$O$17,7))*($AC9-INT($AC9)) -> 1 | AI9: =HLOOKUP(INT($AC9),$B$6:$O$17,8)+(HLOOKUP(INT($AC9)+1,$B$6:$O$17,8)-HLOOKUP(INT($AC9),$B$6:$O$17,8))*($AC9-INT($AC9)) -> 1.5 | AJ9: =HLOOKUP(INT($AC9),$B$6:$O$17,9)+(HLOOKUP(INT($AC9)+1,$B$6:$O$17,9)-HLOOKUP(INT($AC9),$B$6:$O$17,9))*($AC9-INT($AC9)) -> 1.5 | AK9: =HLOOKUP(INT($AC9),$B$6:$O$17,10)+(HLOOKUP(INT($AC9)+1,$B$6:$O$17,10)-HLOOKUP(INT($AC9),$B$6:$O$17,10))*($AC9-INT($AC9)) -> 2.5
A10: 30 | B10: =C10 -> 0.5 | C10: 0.5 | D10: =(C10+E10)/2 -> 0.5 | E10: 0.5 | F10: =(E10+G10)/2 -> 0.5 | G10: 0.5 | H10: =(G10+I10)/2 -> 0.75 | I10: 1 | J10: =(I10+K10)/2 -> 1 | K10: 1 | L10: =(K10+M10)/2 -> 1.25 | M10: 1.5 | N10: =(M10+O10)/2 -> 1.75 | O10: 2 | Q10: 4구간 | R10: ='환기량 산정'!E8 -> 0 | S10: =HLOOKUP(INT($R10),$B$6:$O$17,3)+(HLOOKUP(INT($R10)+1,$B$6:$O$17,3)-HLOOKUP(INT($R10),$B$6:$O$17,3))*($R10-INT($R10)) -> 0.5 | T10: =HLOOKUP(INT($R10),$B$6:$O$17,4)+(HLOOKUP(INT($R10)+1,$B$6:$O$17,4)-HLOOKUP(INT($R10),$B$6:$O$17,4))*($R10-INT($R10)) -> 1 | U10: =HLOOKUP(INT($R10),$B$6:$O$17,5)+(HLOOKUP(INT($R10)+1,$B$6:$O$17,5)-HLOOKUP(INT($R10),$B$6:$O$17,5))*($R10-INT($R10)) -> 1 | V10: =HLOOKUP(INT($R10),$B$6:$O$17,6)+(HLOOKUP(INT($R10)+1,$B$6:$O$17,6)-HLOOKUP(INT($R10),$B$6:$O$17,6))*($R10-INT($R10)) -> 1 | W10: =HLOOKUP(INT($R10),$B$6:$O$17,7)+(HLOOKUP(INT($R10)+1,$B$6:$O$17,7)-HLOOKUP(INT($R10),$B$6:$O$17,7))*($R10-INT($R10)) -> 1 | X10: =HLOOKUP(INT($R10),$B$6:$O$17,8)+(HLOOKUP(INT($R10)+1,$B$6:$O$17,8)-HLOOKUP(INT($R10),$B$6:$O$17,8))*($R10-INT($R10)) -> 1.5 | Y10: =HLOOKUP(INT($R10),$B$6:$O$17,9)+(HLOOKUP(INT($R10)+1,$B$6:$O$17,9)-HLOOKUP(INT($R10),$B$6:$O$17,9))*($R10-INT($R10)) -> 1.5 | Z10: =HLOOKUP(INT($R10),$B$6:$O$17,10)+(HLOOKUP(INT($R10)+1,$B$6:$O$17,10)-HLOOKUP(INT($R10),$B$6:$O$17,10))*($R10-INT($R10)) -> 2.5 | AB10: 4구간 | AC10: ='환기량 산정'!J8 -> 0 | AD10: =HLOOKUP(INT($AC10),$B$6:$O$17,3)+(HLOOKUP(INT($AC10)+1,$B$6:$O$17,3)-HLOOKUP(INT($AC10),$B$6:$O$17,3))*($AC10-INT($AC10)) -> 0.5 | AE10: =HLOOKUP(INT($AC10),$B$6:$O$17,4)+(HLOOKUP(INT($AC10)+1,$B$6:$O$17,4)-HLOOKUP(INT($AC10),$B$6:$O$17,4))*($AC10-INT($AC10)) -> 1 | AF10: =HLOOKUP(INT($AC10),$B$6:$O$17,5)+(HLOOKUP(INT($AC10)+1,$B$6:$O$17,5)-HLOOKUP(INT($AC10),$B$6:$O$17,5))*($AC10-INT($AC10)) -> 1 | AG10: =HLOOKUP(INT($AC10),$B$6:$O$17,6)+(HLOOKUP(INT($AC10)+1,$B$6:$O$17,6)-HLOOKUP(INT($AC10),$B$6:$O$17,6))*($AC10-INT($AC10)) -> 1 | AH10: =HLOOKUP(INT($AC10),$B$6:$O$17,7)+(HLOOKUP(INT($AC10)+1,$B$6:$O$17,7)-HLOOKUP(INT($AC10),$B$6:$O$17,7))*($AC10-INT($AC10)) -> 1 | AI10: =HLOOKUP(INT($AC10),$B$6:$O$17,8)+(HLOOKUP(INT($AC10)+1,$B$6:$O$17,8)-HLOOKUP(INT($AC10),$B$6:$O$17,8))*($AC10-INT($AC10)) -> 1.5 | AJ10: =HLOOKUP(INT($AC10),$B$6:$O$17,9)+(HLOOKUP(INT($AC10)+1,$B$6:$O$17,9)-HLOOKUP(INT($AC10),$B$6:$O$17,9))*($AC10-INT($AC10)) -> 1.5 | AK10: =HLOOKUP(INT($AC10),$B$6:$O$17,10)+(HLOOKUP(INT($AC10)+1,$B$6:$O$17,10)-HLOOKUP(INT($AC10),$B$6:$O$17,10))*($AC10-INT($AC10)) -> 2.5 | AM10: 참고조건1 | AN10: =INT(AN7) -> 0 | AO10: =INT(AO7) -> 0 | AP10: =INT(AP7) -> 0 | AQ10: =INT(AQ7) -> 0 | AR10: =INT(AR7) -> 0 | AS10: =INT(AS7) -> 0 | AT10: =INT(AT7) -> 0 | AU10: =INT(AU7) -> 0
A11: 40 | B11: =C11 -> 1 | C11: 1 | D11: =(C11+E11)/2 -> 1 | E11: 1 | F11: =(E11+G11)/2 -> 1 | G11: 1 | H11: =(G11+I11)/2 -> 1 | I11: 1 | J11: =(I11+K11)/2 -> 1.25 | K11: 1.5 | L11: =(K11+M11)/2 -> 1.75 | M11: 2 | N11: =(M11+O11)/2 -> 2.25 | O11: 2.5 | Q11: 5구간 | R11: ='환기량 산정'!F8 -> 0 | S11: =HLOOKUP(INT($R11),$B$6:$O$17,3)+(HLOOKUP(INT($R11)+1,$B$6:$O$17,3)-HLOOKUP(INT($R11),$B$6:$O$17,3))*($R11-INT($R11)) -> 0.5 | T11: =HLOOKUP(INT($R11),$B$6:$O$17,4)+(HLOOKUP(INT($R11)+1,$B$6:$O$17,4)-HLOOKUP(INT($R11),$B$6:$O$17,4))*($R11-INT($R11)) -> 1 | U11: =HLOOKUP(INT($R11),$B$6:$O$17,5)+(HLOOKUP(INT($R11)+1,$B$6:$O$17,5)-HLOOKUP(INT($R11),$B$6:$O$17,5))*($R11-INT($R11)) -> 1 | V11: =HLOOKUP(INT($R11),$B$6:$O$17,6)+(HLOOKUP(INT($R11)+1,$B$6:$O$17,6)-HLOOKUP(INT($R11),$B$6:$O$17,6))*($R11-INT($R11)) -> 1 | W11: =HLOOKUP(INT($R11),$B$6:$O$17,7)+(HLOOKUP(INT($R11)+1,$B$6:$O$17,7)-HLOOKUP(INT($R11),$B$6:$O$17,7))*($R11-INT($R11)) -> 1 | X11: =HLOOKUP(INT($R11),$B$6:$O$17,8)+(HLOOKUP(INT($R11)+1,$B$6:$O$17,8)-HLOOKUP(INT($R11),$B$6:$O$17,8))*($R11-INT($R11)) -> 1.5 | Y11: =HLOOKUP(INT($R11),$B$6:$O$17,9)+(HLOOKUP(INT($R11)+1,$B$6:$O$17,9)-HLOOKUP(INT($R11),$B$6:$O$17,9))*($R11-INT($R11)) -> 1.5 | Z11: =HLOOKUP(INT($R11),$B$6:$O$17,10)+(HLOOKUP(INT($R11)+1,$B$6:$O$17,10)-HLOOKUP(INT($R11),$B$6:$O$17,10))*($R11-INT($R11)) -> 2.5 | AB11: 5구간 | AC11: ='환기량 산정'!K8 -> 0 | AD11: =HLOOKUP(INT($AC11),$B$6:$O$17,3)+(HLOOKUP(INT($AC11)+1,$B$6:$O$17,3)-HLOOKUP(INT($AC11),$B$6:$O$17,3))*($AC11-INT($AC11)) -> 0.5 | AE11: =HLOOKUP(INT($AC11),$B$6:$O$17,4)+(HLOOKUP(INT($AC11)+1,$B$6:$O$17,4)-HLOOKUP(INT($AC11),$B$6:$O$17,4))*($AC11-INT($AC11)) -> 1 | AF11: =HLOOKUP(INT($AC11),$B$6:$O$17,5)+(HLOOKUP(INT($AC11)+1,$B$6:$O$17,5)-HLOOKUP(INT($AC11),$B$6:$O$17,5))*($AC11-INT($AC11)) -> 1 | AG11: =HLOOKUP(INT($AC11),$B$6:$O$17,6)+(HLOOKUP(INT($AC11)+1,$B$6:$O$17,6)-HLOOKUP(INT($AC11),$B$6:$O$17,6))*($AC11-INT($AC11)) -> 1 | AH11: =HLOOKUP(INT($AC11),$B$6:$O$17,7)+(HLOOKUP(INT($AC11)+1,$B$6:$O$17,7)-HLOOKUP(INT($AC11),$B$6:$O$17,7))*($AC11-INT($AC11)) -> 1 | AI11: =HLOOKUP(INT($AC11),$B$6:$O$17,8)+(HLOOKUP(INT($AC11)+1,$B$6:$O$17,8)-HLOOKUP(INT($AC11),$B$6:$O$17,8))*($AC11-INT($AC11)) -> 1.5 | AJ11: =HLOOKUP(INT($AC11),$B$6:$O$17,9)+(HLOOKUP(INT($AC11)+1,$B$6:$O$17,9)-HLOOKUP(INT($AC11),$B$6:$O$17,9))*($AC11-INT($AC11)) -> 1.5 | AK11: =HLOOKUP(INT($AC11),$B$6:$O$17,10)+(HLOOKUP(INT($AC11)+1,$B$6:$O$17,10)-HLOOKUP(INT($AC11),$B$6:$O$17,10))*($AC11-INT($AC11)) -> 2.5 | AM11: 참고값1 | AN11: =HLOOKUP(AN10,$B$6:$O$17,AN14) -> 0.5 | AO11: =HLOOKUP(AO10,$B$6:$O$17,AO14) -> 1 | AP11: =HLOOKUP(AP10,$B$6:$O$17,AP14) -> 1 | AQ11: =HLOOKUP(AQ10,$B$6:$O$17,AQ14) -> 1 | AR11: =HLOOKUP(AR10,$B$6:$O$17,AR14) -> 1 | AS11: =HLOOKUP(AS10,$B$6:$O$17,AS14) -> 1.5 | AT11: =HLOOKUP(AT10,$B$6:$O$17,AT14) -> 1.5 | AU11: =HLOOKUP(AU10,$B$6:$O$17,AU14) -> 2.5
A12: 50 | B12: =C12 -> 1 | C12: 1 | D12: =(C12+E12)/2 -> 1 | E12: 1 | F12: =(E12+G12)/2 -> 1 | G12: 1 | H12: =(G12+I12)/2 -> 1 | I12: 1 | J12: =(I12+K12)/2 -> 1.25 | K12: 1.5 | L12: =(K12+M12)/2 -> 1.75 | M12: 2 | N12: =(M12+O12)/2 -> 2.5 | O12: 3 | Q12: 6구간 | R12: ='환기량 산정'!B13 -> 0 | S12: =HLOOKUP(INT($R12),$B$6:$O$17,3)+(HLOOKUP(INT($R12)+1,$B$6:$O$17,3)-HLOOKUP(INT($R12),$B$6:$O$17,3))*($R12-INT($R12)) -> 0.5 | T12: =HLOOKUP(INT($R12),$B$6:$O$17,4)+(HLOOKUP(INT($R12)+1,$B$6:$O$17,4)-HLOOKUP(INT($R12),$B$6:$O$17,4))*($R12-INT($R12)) -> 1 | U12: =HLOOKUP(INT($R12),$B$6:$O$17,5)+(HLOOKUP(INT($R12)+1,$B$6:$O$17,5)-HLOOKUP(INT($R12),$B$6:$O$17,5))*($R12-INT($R12)) -> 1 | V12: =HLOOKUP(INT($R12),$B$6:$O$17,6)+(HLOOKUP(INT($R12)+1,$B$6:$O$17,6)-HLOOKUP(INT($R12),$B$6:$O$17,6))*($R12-INT($R12)) -> 1 | W12: =HLOOKUP(INT($R12),$B$6:$O$17,7)+(HLOOKUP(INT($R12)+1,$B$6:$O$17,7)-HLOOKUP(INT($R12),$B$6:$O$17,7))*($R12-INT($R12)) -> 1 | X12: =HLOOKUP(INT($R12),$B$6:$O$17,8)+(HLOOKUP(INT($R12)+1,$B$6:$O$17,8)-HLOOKUP(INT($R12),$B$6:$O$17,8))*($R12-INT($R12)) -> 1.5 | Y12: =HLOOKUP(INT($R12),$B$6:$O$17,9)+(HLOOKUP(INT($R12)+1,$B$6:$O$17,9)-HLOOKUP(INT($R12),$B$6:$O$17,9))*($R12-INT($R12)) -> 1.5 | Z12: =HLOOKUP(INT($R12),$B$6:$O$17,10)+(HLOOKUP(INT($R12)+1,$B$6:$O$17,10)-HLOOKUP(INT($R12),$B$6:$O$17,10))*($R12-INT($R12)) -> 2.5 | AB12: 6구간 | AC12: ='환기량 산정'!G13 -> 0 | AD12: =HLOOKUP(INT($AC12),$B$6:$O$17,3)+(HLOOKUP(INT($AC12)+1,$B$6:$O$17,3)-HLOOKUP(INT($AC12),$B$6:$O$17,3))*($AC12-INT($AC12)) -> 0.5 | AE12: =HLOOKUP(INT($AC12),$B$6:$O$17,4)+(HLOOKUP(INT($AC12)+1,$B$6:$O$17,4)-HLOOKUP(INT($AC12),$B$6:$O$17,4))*($AC12-INT($AC12)) -> 1 | AF12: =HLOOKUP(INT($AC12),$B$6:$O$17,5)+(HLOOKUP(INT($AC12)+1,$B$6:$O$17,5)-HLOOKUP(INT($AC12),$B$6:$O$17,5))*($AC12-INT($AC12)) -> 1 | AG12: =HLOOKUP(INT($AC12),$B$6:$O$17,6)+(HLOOKUP(INT($AC12)+1,$B$6:$O$17,6)-HLOOKUP(INT($AC12),$B$6:$O$17,6))*($AC12-INT($AC12)) -> 1 | AH12: =HLOOKUP(INT($AC12),$B$6:$O$17,7)+(HLOOKUP(INT($AC12)+1,$B$6:$O$17,7)-HLOOKUP(INT($AC12),$B$6:$O$17,7))*($AC12-INT($AC12)) -> 1 | AI12: =HLOOKUP(INT($AC12),$B$6:$O$17,8)+(HLOOKUP(INT($AC12)+1,$B$6:$O$17,8)-HLOOKUP(INT($AC12),$B$6:$O$17,8))*($AC12-INT($AC12)) -> 1.5 | AJ12: =HLOOKUP(INT($AC12),$B$6:$O$17,9)+(HLOOKUP(INT($AC12)+1,$B$6:$O$17,9)-HLOOKUP(INT($AC12),$B$6:$O$17,9))*($AC12-INT($AC12)) -> 1.5 | AK12: =HLOOKUP(INT($AC12),$B$6:$O$17,10)+(HLOOKUP(INT($AC12)+1,$B$6:$O$17,10)-HLOOKUP(INT($AC12),$B$6:$O$17,10))*($AC12-INT($AC12)) -> 2.5 | AM12: 참고조건2 | AN12: =AN10+1 -> 1 | AO12: =AO10+1 -> 1 | AP12: =AP10+1 -> 1 | AQ12: =AQ10+1 -> 1 | AR12: =AR10+1 -> 1 | AS12: =AS10+1 -> 1 | AT12: =AT10+1 -> 1 | AU12: =AU10+1 -> 1
A13: 60 | B13: =C13 -> 1 | C13: 1 | D13: =(C13+E13)/2 -> 1 | E13: 1 | F13: =(E13+G13)/2 -> 1 | G13: 1 | H13: =(G13+I13)/2 -> 1.25 | I13: 1.5 | J13: =(I13+K13)/2 -> 1.75 | K13: 2 | L13: =(K13+M13)/2 -> 2.5 | M13: 3 | N13: =(M13+O13)/2 -> 3.75 | O13: 4.5 | Q13: 7구간 | R13: ='환기량 산정'!C13 -> 0 | S13: =HLOOKUP(INT($R13),$B$6:$O$17,3)+(HLOOKUP(INT($R13)+1,$B$6:$O$17,3)-HLOOKUP(INT($R13),$B$6:$O$17,3))*($R13-INT($R13)) -> 0.5 | T13: =HLOOKUP(INT($R13),$B$6:$O$17,4)+(HLOOKUP(INT($R13)+1,$B$6:$O$17,4)-HLOOKUP(INT($R13),$B$6:$O$17,4))*($R13-INT($R13)) -> 1 | U13: =HLOOKUP(INT($R13),$B$6:$O$17,5)+(HLOOKUP(INT($R13)+1,$B$6:$O$17,5)-HLOOKUP(INT($R13),$B$6:$O$17,5))*($R13-INT($R13)) -> 1 | V13: =HLOOKUP(INT($R13),$B$6:$O$17,6)+(HLOOKUP(INT($R13)+1,$B$6:$O$17,6)-HLOOKUP(INT($R13),$B$6:$O$17,6))*($R13-INT($R13)) -> 1 | W13: =HLOOKUP(INT($R13),$B$6:$O$17,7)+(HLOOKUP(INT($R13)+1,$B$6:$O$17,7)-HLOOKUP(INT($R13),$B$6:$O$17,7))*($R13-INT($R13)) -> 1 | X13: =HLOOKUP(INT($R13),$B$6:$O$17,8)+(HLOOKUP(INT($R13)+1,$B$6:$O$17,8)-HLOOKUP(INT($R13),$B$6:$O$17,8))*($R13-INT($R13)) -> 1.5 | Y13: =HLOOKUP(INT($R13),$B$6:$O$17,9)+(HLOOKUP(INT($R13)+1,$B$6:$O$17,9)-HLOOKUP(INT($R13),$B$6:$O$17,9))*($R13-INT($R13)) -> 1.5 | Z13: =HLOOKUP(INT($R13),$B$6:$O$17,10)+(HLOOKUP(INT($R13)+1,$B$6:$O$17,10)-HLOOKUP(INT($R13),$B$6:$O$17,10))*($R13-INT($R13)) -> 2.5 | AB13: 7구간 | AC13: ='환기량 산정'!H13 -> 0 | AD13: =HLOOKUP(INT($AC13),$B$6:$O$17,3)+(HLOOKUP(INT($AC13)+1,$B$6:$O$17,3)-HLOOKUP(INT($AC13),$B$6:$O$17,3))*($AC13-INT($AC13)) -> 0.5 | AE13: =HLOOKUP(INT($AC13),$B$6:$O$17,4)+(HLOOKUP(INT($AC13)+1,$B$6:$O$17,4)-HLOOKUP(INT($AC13),$B$6:$O$17,4))*($AC13-INT($AC13)) -> 1 | AF13: =HLOOKUP(INT($AC13),$B$6:$O$17,5)+(HLOOKUP(INT($AC13)+1,$B$6:$O$17,5)-HLOOKUP(INT($AC13),$B$6:$O$17,5))*($AC13-INT($AC13)) -> 1 | AG13: =HLOOKUP(INT($AC13),$B$6:$O$17,6)+(HLOOKUP(INT($AC13)+1,$B$6:$O$17,6)-HLOOKUP(INT($AC13),$B$6:$O$17,6))*($AC13-INT($AC13)) -> 1 | AH13: =HLOOKUP(INT($AC13),$B$6:$O$17,7)+(HLOOKUP(INT($AC13)+1,$B$6:$O$17,7)-HLOOKUP(INT($AC13),$B$6:$O$17,7))*($AC13-INT($AC13)) -> 1 | AI13: =HLOOKUP(INT($AC13),$B$6:$O$17,8)+(HLOOKUP(INT($AC13)+1,$B$6:$O$17,8)-HLOOKUP(INT($AC13),$B$6:$O$17,8))*($AC13-INT($AC13)) -> 1.5 | AJ13: =HLOOKUP(INT($AC13),$B$6:$O$17,9)+(HLOOKUP(INT($AC13)+1,$B$6:$O$17,9)-HLOOKUP(INT($AC13),$B$6:$O$17,9))*($AC13-INT($AC13)) -> 1.5 | AK13: =HLOOKUP(INT($AC13),$B$6:$O$17,10)+(HLOOKUP(INT($AC13)+1,$B$6:$O$17,10)-HLOOKUP(INT($AC13),$B$6:$O$17,10))*($AC13-INT($AC13)) -> 2.5 | AM13: 참고값2 | AN13: =HLOOKUP(AN12,$B$6:$O$17,AN14) -> 0.75 | AO13: =HLOOKUP(AO12,$B$6:$O$17,AO14) -> 1 | AP13: =HLOOKUP(AP12,$B$6:$O$17,AP14) -> 1 | AQ13: =HLOOKUP(AQ12,$B$6:$O$17,AQ14) -> 1.25 | AR13: =HLOOKUP(AR12,$B$6:$O$17,AR14) -> 1.25 | AS13: =HLOOKUP(AS12,$B$6:$O$17,AS14) -> 1.75 | AT13: =HLOOKUP(AT12,$B$6:$O$17,AT14) -> 2 | AU13: =HLOOKUP(AU12,$B$6:$O$17,AU14) -> 3.25
A14: 70 | B14: =C14 -> 1 | C14: 1 | D14: =(C14+E14)/2 -> 1 | E14: 1 | F14: =(E14+G14)/2 -> 1.25 | G14: 1.5 | H14: =(G14+I14)/2 -> 1.5 | I14: 1.5 | J14: =(I14+K14)/2 -> 2 | K14: 2.5 | L14: =(K14+M14)/2 -> 3.5 | M14: 4.5 | N14: =(M14+O14)/2 -> 6 | O14: 7.5 | Q14: 8구간 | R14: ='환기량 산정'!D13 -> 0 | S14: =HLOOKUP(INT($R14),$B$6:$O$17,3)+(HLOOKUP(INT($R14)+1,$B$6:$O$17,3)-HLOOKUP(INT($R14),$B$6:$O$17,3))*($R14-INT($R14)) -> 0.5 | T14: =HLOOKUP(INT($R14),$B$6:$O$17,4)+(HLOOKUP(INT($R14)+1,$B$6:$O$17,4)-HLOOKUP(INT($R14),$B$6:$O$17,4))*($R14-INT($R14)) -> 1 | U14: =HLOOKUP(INT($R14),$B$6:$O$17,5)+(HLOOKUP(INT($R14)+1,$B$6:$O$17,5)-HLOOKUP(INT($R14),$B$6:$O$17,5))*($R14-INT($R14)) -> 1 | V14: =HLOOKUP(INT($R14),$B$6:$O$17,6)+(HLOOKUP(INT($R14)+1,$B$6:$O$17,6)-HLOOKUP(INT($R14),$B$6:$O$17,6))*($R14-INT($R14)) -> 1 | W14: =HLOOKUP(INT($R14),$B$6:$O$17,7)+(HLOOKUP(INT($R14)+1,$B$6:$O$17,7)-HLOOKUP(INT($R14),$B$6:$O$17,7))*($R14-INT($R14)) -> 1 | X14: =HLOOKUP(INT($R14),$B$6:$O$17,8)+(HLOOKUP(INT($R14)+1,$B$6:$O$17,8)-HLOOKUP(INT($R14),$B$6:$O$17,8))*($R14-INT($R14)) -> 1.5 | Y14: =HLOOKUP(INT($R14),$B$6:$O$17,9)+(HLOOKUP(INT($R14)+1,$B$6:$O$17,9)-HLOOKUP(INT($R14),$B$6:$O$17,9))*($R14-INT($R14)) -> 1.5 | Z14: =HLOOKUP(INT($R14),$B$6:$O$17,10)+(HLOOKUP(INT($R14)+1,$B$6:$O$17,10)-HLOOKUP(INT($R14),$B$6:$O$17,10))*($R14-INT($R14)) -> 2.5 | AB14: 8구간 | AC14: ='환기량 산정'!I13 -> 0 | AD14: =HLOOKUP(INT($AC14),$B$6:$O$17,3)+(HLOOKUP(INT($AC14)+1,$B$6:$O$17,3)-HLOOKUP(INT($AC14),$B$6:$O$17,3))*($AC14-INT($AC14)) -> 0.5 | AE14: =HLOOKUP(INT($AC14),$B$6:$O$17,4)+(HLOOKUP(INT($AC14)+1,$B$6:$O$17,4)-HLOOKUP(INT($AC14),$B$6:$O$17,4))*($AC14-INT($AC14)) -> 1 | AF14: =HLOOKUP(INT($AC14),$B$6:$O$17,5)+(HLOOKUP(INT($AC14)+1,$B$6:$O$17,5)-HLOOKUP(INT($AC14),$B$6:$O$17,5))*($AC14-INT($AC14)) -> 1 | AG14: =HLOOKUP(INT($AC14),$B$6:$O$17,6)+(HLOOKUP(INT($AC14)+1,$B$6:$O$17,6)-HLOOKUP(INT($AC14),$B$6:$O$17,6))*($AC14-INT($AC14)) -> 1 | AH14: =HLOOKUP(INT($AC14),$B$6:$O$17,7)+(HLOOKUP(INT($AC14)+1,$B$6:$O$17,7)-HLOOKUP(INT($AC14),$B$6:$O$17,7))*($AC14-INT($AC14)) -> 1 | AI14: =HLOOKUP(INT($AC14),$B$6:$O$17,8)+(HLOOKUP(INT($AC14)+1,$B$6:$O$17,8)-HLOOKUP(INT($AC14),$B$6:$O$17,8))*($AC14-INT($AC14)) -> 1.5 | AJ14: =HLOOKUP(INT($AC14),$B$6:$O$17,9)+(HLOOKUP(INT($AC14)+1,$B$6:$O$17,9)-HLOOKUP(INT($AC14),$B$6:$O$17,9))*($AC14-INT($AC14)) -> 1.5 | AK14: =HLOOKUP(INT($AC14),$B$6:$O$17,10)+(HLOOKUP(INT($AC14)+1,$B$6:$O$17,10)-HLOOKUP(INT($AC14),$B$6:$O$17,10))*($AC14-INT($AC14)) -> 2.5 | AN14: 3 | AO14: 4 | AP14: 5 | AQ14: 6 | AR14: 7 | AS14: 8 | AT14: 9 | AU14: 10
A15: 80 | B15: =C15 -> 1 | C15: 1 | D15: =(C15+E15)/2 -> 1.25 | E15: 1.5 | F15: =(E15+G15)/2 -> 1.5 | G15: 1.5 | H15: =(G15+I15)/2 -> 2 | I15: 2.5 | J15: =(I15+K15)/2 -> 3.25 | K15: 4 | L15: =(K15+M15)/2 -> 5.25 | M15: 6.5 | N15: =(M15+O15)/2 -> 9.25 | O15: 12 | Q15: 9구간 | R15: ='환기량 산정'!E13 -> 0 | S15: =HLOOKUP(INT($R15),$B$6:$O$17,3)+(HLOOKUP(INT($R15)+1,$B$6:$O$17,3)-HLOOKUP(INT($R15),$B$6:$O$17,3))*($R15-INT($R15)) -> 0.5 | T15: =HLOOKUP(INT($R15),$B$6:$O$17,4)+(HLOOKUP(INT($R15)+1,$B$6:$O$17,4)-HLOOKUP(INT($R15),$B$6:$O$17,4))*($R15-INT($R15)) -> 1 | U15: =HLOOKUP(INT($R15),$B$6:$O$17,5)+(HLOOKUP(INT($R15)+1,$B$6:$O$17,5)-HLOOKUP(INT($R15),$B$6:$O$17,5))*($R15-INT($R15)) -> 1 | V15: =HLOOKUP(INT($R15),$B$6:$O$17,6)+(HLOOKUP(INT($R15)+1,$B$6:$O$17,6)-HLOOKUP(INT($R15),$B$6:$O$17,6))*($R15-INT($R15)) -> 1 | W15: =HLOOKUP(INT($R15),$B$6:$O$17,7)+(HLOOKUP(INT($R15)+1,$B$6:$O$17,7)-HLOOKUP(INT($R15),$B$6:$O$17,7))*($R15-INT($R15)) -> 1 | X15: =HLOOKUP(INT($R15),$B$6:$O$17,8)+(HLOOKUP(INT($R15)+1,$B$6:$O$17,8)-HLOOKUP(INT($R15),$B$6:$O$17,8))*($R15-INT($R15)) -> 1.5 | Y15: =HLOOKUP(INT($R15),$B$6:$O$17,9)+(HLOOKUP(INT($R15)+1,$B$6:$O$17,9)-HLOOKUP(INT($R15),$B$6:$O$17,9))*($R15-INT($R15)) -> 1.5 | Z15: =HLOOKUP(INT($R15),$B$6:$O$17,10)+(HLOOKUP(INT($R15)+1,$B$6:$O$17,10)-HLOOKUP(INT($R15),$B$6:$O$17,10))*($R15-INT($R15)) -> 2.5 | AB15: 9구간 | AC15: ='환기량 산정'!J13 -> 0 | AD15: =HLOOKUP(INT($AC15),$B$6:$O$17,3)+(HLOOKUP(INT($AC15)+1,$B$6:$O$17,3)-HLOOKUP(INT($AC15),$B$6:$O$17,3))*($AC15-INT($AC15)) -> 0.5 | AE15: =HLOOKUP(INT($AC15),$B$6:$O$17,4)+(HLOOKUP(INT($AC15)+1,$B$6:$O$17,4)-HLOOKUP(INT($AC15),$B$6:$O$17,4))*($AC15-INT($AC15)) -> 1 | AF15: =HLOOKUP(INT($AC15),$B$6:$O$17,5)+(HLOOKUP(INT($AC15)+1,$B$6:$O$17,5)-HLOOKUP(INT($AC15),$B$6:$O$17,5))*($AC15-INT($AC15)) -> 1 | AG15: =HLOOKUP(INT($AC15),$B$6:$O$17,6)+(HLOOKUP(INT($AC15)+1,$B$6:$O$17,6)-HLOOKUP(INT($AC15),$B$6:$O$17,6))*($AC15-INT($AC15)) -> 1 | AH15: =HLOOKUP(INT($AC15),$B$6:$O$17,7)+(HLOOKUP(INT($AC15)+1,$B$6:$O$17,7)-HLOOKUP(INT($AC15),$B$6:$O$17,7))*($AC15-INT($AC15)) -> 1 | AI15: =HLOOKUP(INT($AC15),$B$6:$O$17,8)+(HLOOKUP(INT($AC15)+1,$B$6:$O$17,8)-HLOOKUP(INT($AC15),$B$6:$O$17,8))*($AC15-INT($AC15)) -> 1.5 | AJ15: =HLOOKUP(INT($AC15),$B$6:$O$17,9)+(HLOOKUP(INT($AC15)+1,$B$6:$O$17,9)-HLOOKUP(INT($AC15),$B$6:$O$17,9))*($AC15-INT($AC15)) -> 1.5 | AK15: =HLOOKUP(INT($AC15),$B$6:$O$17,10)+(HLOOKUP(INT($AC15)+1,$B$6:$O$17,10)-HLOOKUP(INT($AC15),$B$6:$O$17,10))*($AC15-INT($AC15)) -> 2.5
A16: 90 | B16: =C16 -> 1.5 | C16: 1.5 | D16: =(C16+E16)/2 -> 1.5 | E16: 1.5 | F16: =(E16+G16)/2 -> 1.5 | G16: 1.5 | H16: =(G16+I16)/2 -> 2.25 | I16: 3 | J16: =(I16+K16)/2 -> 4.5 | K16: 6 | L16: =(K16+M16)/2 -> 8.25 | M16: 10.5 | N16: =(M16+O16)/2 -> 14.75 | O16: 19 | Q16: 10구간 | R16: ='환기량 산정'!F13 -> 0 | S16: =HLOOKUP(INT($R16),$B$6:$O$17,3)+(HLOOKUP(INT($R16)+1,$B$6:$O$17,3)-HLOOKUP(INT($R16),$B$6:$O$17,3))*($R16-INT($R16)) -> 0.5 | T16: =HLOOKUP(INT($R16),$B$6:$O$17,4)+(HLOOKUP(INT($R16)+1,$B$6:$O$17,4)-HLOOKUP(INT($R16),$B$6:$O$17,4))*($R16-INT($R16)) -> 1 | U16: =HLOOKUP(INT($R16),$B$6:$O$17,5)+(HLOOKUP(INT($R16)+1,$B$6:$O$17,5)-HLOOKUP(INT($R16),$B$6:$O$17,5))*($R16-INT($R16)) -> 1 | V16: =HLOOKUP(INT($R16),$B$6:$O$17,6)+(HLOOKUP(INT($R16)+1,$B$6:$O$17,6)-HLOOKUP(INT($R16),$B$6:$O$17,6))*($R16-INT($R16)) -> 1 | W16: =HLOOKUP(INT($R16),$B$6:$O$17,7)+(HLOOKUP(INT($R16)+1,$B$6:$O$17,7)-HLOOKUP(INT($R16),$B$6:$O$17,7))*($R16-INT($R16)) -> 1 | X16: =HLOOKUP(INT($R16),$B$6:$O$17,8)+(HLOOKUP(INT($R16)+1,$B$6:$O$17,8)-HLOOKUP(INT($R16),$B$6:$O$17,8))*($R16-INT($R16)) -> 1.5 | Y16: =HLOOKUP(INT($R16),$B$6:$O$17,9)+(HLOOKUP(INT($R16)+1,$B$6:$O$17,9)-HLOOKUP(INT($R16),$B$6:$O$17,9))*($R16-INT($R16)) -> 1.5 | Z16: =HLOOKUP(INT($R16),$B$6:$O$17,10)+(HLOOKUP(INT($R16)+1,$B$6:$O$17,10)-HLOOKUP(INT($R16),$B$6:$O$17,10))*($R16-INT($R16)) -> 2.5 | AB16: 10구간 | AC16: ='환기량 산정'!K13 -> 0 | AD16: =HLOOKUP(INT($AC16),$B$6:$O$17,3)+(HLOOKUP(INT($AC16)+1,$B$6:$O$17,3)-HLOOKUP(INT($AC16),$B$6:$O$17,3))*($AC16-INT($AC16)) -> 0.5 | AE16: =HLOOKUP(INT($AC16),$B$6:$O$17,4)+(HLOOKUP(INT($AC16)+1,$B$6:$O$17,4)-HLOOKUP(INT($AC16),$B$6:$O$17,4))*($AC16-INT($AC16)) -> 1 | AF16: =HLOOKUP(INT($AC16),$B$6:$O$17,5)+(HLOOKUP(INT($AC16)+1,$B$6:$O$17,5)-HLOOKUP(INT($AC16),$B$6:$O$17,5))*($AC16-INT($AC16)) -> 1 | AG16: =HLOOKUP(INT($AC16),$B$6:$O$17,6)+(HLOOKUP(INT($AC16)+1,$B$6:$O$17,6)-HLOOKUP(INT($AC16),$B$6:$O$17,6))*($AC16-INT($AC16)) -> 1 | AH16: =HLOOKUP(INT($AC16),$B$6:$O$17,7)+(HLOOKUP(INT($AC16)+1,$B$6:$O$17,7)-HLOOKUP(INT($AC16),$B$6:$O$17,7))*($AC16-INT($AC16)) -> 1 | AI16: =HLOOKUP(INT($AC16),$B$6:$O$17,8)+(HLOOKUP(INT($AC16)+1,$B$6:$O$17,8)-HLOOKUP(INT($AC16),$B$6:$O$17,8))*($AC16-INT($AC16)) -> 1.5 | AJ16: =HLOOKUP(INT($AC16),$B$6:$O$17,9)+(HLOOKUP(INT($AC16)+1,$B$6:$O$17,9)-HLOOKUP(INT($AC16),$B$6:$O$17,9))*($AC16-INT($AC16)) -> 1.5 | AK16: =HLOOKUP(INT($AC16),$B$6:$O$17,10)+(HLOOKUP(INT($AC16)+1,$B$6:$O$17,10)-HLOOKUP(INT($AC16),$B$6:$O$17,10))*($AC16-INT($AC16)) -> 2.5
A17: 100 | B17: =C17 -> 2.5 | C17: 2.5 | D17: =(C17+E17)/2 -> 2 | E17: 1.5 | F17: =(E17+G17)/2 -> 1.75 | G17: 2 | H17: =(G17+I17)/2 -> 2.75 | I17: 3.5 | J17: =(I17+K17)/2 -> 5.5 | K17: 7.5 | L17: =(K17+M17)/2 -> 11 | M17: 14.5 | N17: =(M17+O17)/2 -> 19.5 | O17: 24.5
A18: (2) 승용차 / 경유
C19: 경사도(%) | Q19: (1.1-2) 승용차 / 경유 | AB19: (1.2-2) 승용차 / 경유 | AM19: 검증
A20: 차속 | B20: -100 | C20: -6 | D20: =(C20+E20)/2 -> -5 | E20: -4 | F20: =(E20+G20)/2 -> -3 | G20: -2 | H20: =(G20+I20)/2 -> -1 | I20: 0 | J20: =(I20+K20)/2 -> 1 | K20: 2 | L20: =(K20+M20)/2 -> 3 | M20: 4 | N20: =(M20+O20)/2 -> 5 | O20: 6 | Q20: 구간 | R20: 경사도(%) | S20: 10 | T20: 20 | U20: 30 | V20: 40 | W20: 50 | X20: 60 | Y20: 70 | Z20: 80 | AB20: 구간 | AC20: 경사도(%) | AD20: 10 | AE20: 20 | AF20: 30 | AG20: 40 | AH20: 50 | AI20: 60 | AJ20: 70 | AK20: 80 | AM20: 구분 | AN20: 10 | AO20: 20 | AP20: 30 | AQ20: 40 | AR20: 50 | AS20: 60 | AT20: 70 | AU20: 80
A21: 0 | B21: =C21 -> 0.174 | C21: 0.174 | D21: =(C21+E21)/2 -> 0.174 | E21: 0.174 | F21: =(E21+G21)/2 -> 0.174 | G21: 0.174 | H21: =(G21+I21)/2 -> 0.174 | I21: 0.174 | J21: =(I21+K21)/2 -> 0.174 | K21: 0.174 | L21: =(K21+M21)/2 -> 0.174 | M21: 0.174 | N21: =(M21+O21)/2 -> 0.174 | O21: 0.174 | Q21: 1구간 | R21: =R7 -> 0 | S21: =HLOOKUP(INT($R21),$B$20:$O$31,3)+(HLOOKUP(INT($R21)+1,$B$20:$O$31,3)-HLOOKUP(INT($R21),$B$20:$O$31,3))*($R21-INT($R21)) -> 0.652 | T21: =HLOOKUP(INT($R21),$B$20:$O$31,4)+(HLOOKUP(INT($R21)+1,$B$20:$O$31,4)-HLOOKUP(INT($R21),$B$20:$O$31,4))*($R21-INT($R21)) -> 0.783 | U21: =HLOOKUP(INT($R21),$B$20:$O$31,5)+(HLOOKUP(INT($R21)+1,$B$20:$O$31,5)-HLOOKUP(INT($R21),$B$20:$O$31,5))*($R21-INT($R21)) -> 0.87 | V21: =HLOOKUP(INT($R21),$B$20:$O$31,6)+(HLOOKUP(INT($R21)+1,$B$20:$O$31,6)-HLOOKUP(INT($R21),$B$20:$O$31,6))*($R21-INT($R21)) -> 1 | W21: =HLOOKUP(INT($R21),$B$20:$O$31,7)+(HLOOKUP(INT($R21)+1,$B$20:$O$31,7)-HLOOKUP(INT($R21),$B$20:$O$31,7))*($R21-INT($R21)) -> 1.174 | X21: =HLOOKUP(INT($R21),$B$20:$O$31,8)+(HLOOKUP(INT($R21)+1,$B$20:$O$31,8)-HLOOKUP(INT($R21),$B$20:$O$31,8))*($R21-INT($R21)) -> 1.217 | Y21: =HLOOKUP(INT($R21),$B$20:$O$31,9)+(HLOOKUP(INT($R21)+1,$B$20:$O$31,9)-HLOOKUP(INT($R21),$B$20:$O$31,9))*($R21-INT($R21)) -> 1.391 | Z21: =HLOOKUP(INT($R21),$B$20:$O$31,10)+(HLOOKUP(INT($R21)+1,$B$20:$O$31,10)-HLOOKUP(INT($R21),$B$20:$O$31,10))*($R21-INT($R21)) -> 1.652 | AB21: 1구간 | AC21: =AC7 -> 1.784 | AD21: =HLOOKUP(INT($AC21),$B$20:$O$31,3)+(HLOOKUP(INT($AC21)+1,$B$20:$O$31,3)-HLOOKUP(INT($AC21),$B$20:$O$31,3))*($AC21-INT($AC21)) -> 0.691248 | AE21: =HLOOKUP(INT($AC21),$B$20:$O$31,4)+(HLOOKUP(INT($AC21)+1,$B$20:$O$31,4)-HLOOKUP(INT($AC21),$B$20:$O$31,4))*($AC21-INT($AC21)) -> 0.860604 | AF21: =HLOOKUP(INT($AC21),$B$20:$O$31,5)+(HLOOKUP(INT($AC21)+1,$B$20:$O$31,5)-HLOOKUP(INT($AC21),$B$20:$O$31,5))*($AC21-INT($AC21)) -> 0.98596 | AG21: =HLOOKUP(INT($AC21),$B$20:$O$31,6)+(HLOOKUP(INT($AC21)+1,$B$20:$O$31,6)-HLOOKUP(INT($AC21),$B$20:$O$31,6))*($AC21-INT($AC21)) -> 1.193564 | AH21: =HLOOKUP(INT($AC21),$B$20:$O$31,7)+(HLOOKUP(INT($AC21)+1,$B$20:$O$31,7)-HLOOKUP(INT($AC21),$B$20:$O$31,7))*($AC21-INT($AC21)) -> 1.445168 | AI21: =HLOOKUP(INT($AC21),$B$20:$O$31,8)+(HLOOKUP(INT($AC21)+1,$B$20:$O$31,8)-HLOOKUP(INT($AC21),$B$20:$O$31,8))*($AC21-INT($AC21)) -> 1.60502 | AJ21: =HLOOKUP(INT($AC21),$B$20:$O$31,9)+(HLOOKUP(INT($AC21)+1,$B$20:$O$31,9)-HLOOKUP(INT($AC21),$B$20:$O$31,9))*($AC21-INT($AC21)) -> 1.818268 | AK21: =HLOOKUP(INT($AC21),$B$20:$O$31,10)+(HLOOKUP(INT($AC21)+1,$B$20:$O$31,10)-HLOOKUP(INT($AC21),$B$20:$O$31,10))*($AC21-INT($AC21)) -> 2.233584 | AM21: 경사도(%) | AN21: =R30 -> 0 | AO21: =AN21 -> 0 | AP21: =AO21 -> 0 | AQ21: =AP21 -> 0 | AR21: =AQ21 -> 0 | AS21: =AR21 -> 0 | AT21: =AS21 -> 0 | AU21: =AT21 -> 0
A22: 10 | B22: =C22 -> 0.478 | C22: 0.478 | D22: =(C22+E22)/2 -> 0.5 | E22: 0.522 | F22: =(E22+G22)/2 -> 0.5435 | G22: 0.565 | H22: =(G22+I22)/2 -> 0.6085 | I22: 0.652 | J22: =(I22+K22)/2 -> 0.674 | K22: 0.696 | L22: =(K22+M22)/2 -> 0.7395 | M22: 0.783 | N22: =(M22+O22)/2 -> 0.8265 | O22: 0.87 | Q22: 2구간 | R22: =R8 -> 0 | S22: =HLOOKUP(INT($R22),$B$20:$O$31,3)+(HLOOKUP(INT($R22)+1,$B$20:$O$31,3)-HLOOKUP(INT($R22),$B$20:$O$31,3))*($R22-INT($R22)) -> 0.652 | T22: =HLOOKUP(INT($R22),$B$20:$O$31,4)+(HLOOKUP(INT($R22)+1,$B$20:$O$31,4)-HLOOKUP(INT($R22),$B$20:$O$31,4))*($R22-INT($R22)) -> 0.783 | U22: =HLOOKUP(INT($R22),$B$20:$O$31,5)+(HLOOKUP(INT($R22)+1,$B$20:$O$31,5)-HLOOKUP(INT($R22),$B$20:$O$31,5))*($R22-INT($R22)) -> 0.87 | V22: =HLOOKUP(INT($R22),$B$20:$O$31,6)+(HLOOKUP(INT($R22)+1,$B$20:$O$31,6)-HLOOKUP(INT($R22),$B$20:$O$31,6))*($R22-INT($R22)) -> 1 | W22: =HLOOKUP(INT($R22),$B$20:$O$31,7)+(HLOOKUP(INT($R22)+1,$B$20:$O$31,7)-HLOOKUP(INT($R22),$B$20:$O$31,7))*($R22-INT($R22)) -> 1.174 | X22: =HLOOKUP(INT($R22),$B$20:$O$31,8)+(HLOOKUP(INT($R22)+1,$B$20:$O$31,8)-HLOOKUP(INT($R22),$B$20:$O$31,8))*($R22-INT($R22)) -> 1.217 | Y22: =HLOOKUP(INT($R22),$B$20:$O$31,9)+(HLOOKUP(INT($R22)+1,$B$20:$O$31,9)-HLOOKUP(INT($R22),$B$20:$O$31,9))*($R22-INT($R22)) -> 1.391 | Z22: =HLOOKUP(INT($R22),$B$20:$O$31,10)+(HLOOKUP(INT($R22)+1,$B$20:$O$31,10)-HLOOKUP(INT($R22),$B$20:$O$31,10))*($R22-INT($R22)) -> 1.652 | AB22: 2구간 | AC22: =AC8 -> 0 | AD22: =HLOOKUP(INT($AC22),$B$20:$O$31,3)+(HLOOKUP(INT($AC22)+1,$B$20:$O$31,3)-HLOOKUP(INT($AC22),$B$20:$O$31,3))*($AC22-INT($AC22)) -> 0.652 | AE22: =HLOOKUP(INT($AC22),$B$20:$O$31,4)+(HLOOKUP(INT($AC22)+1,$B$20:$O$31,4)-HLOOKUP(INT($AC22),$B$20:$O$31,4))*($AC22-INT($AC22)) -> 0.783 | AF22: =HLOOKUP(INT($AC22),$B$20:$O$31,5)+(HLOOKUP(INT($AC22)+1,$B$20:$O$31,5)-HLOOKUP(INT($AC22),$B$20:$O$31,5))*($AC22-INT($AC22)) -> 0.87 | AG22: =HLOOKUP(INT($AC22),$B$20:$O$31,6)+(HLOOKUP(INT($AC22)+1,$B$20:$O$31,6)-HLOOKUP(INT($AC22),$B$20:$O$31,6))*($AC22-INT($AC22)) -> 1 | AH22: =HLOOKUP(INT($AC22),$B$20:$O$31,7)+(HLOOKUP(INT($AC22)+1,$B$20:$O$31,7)-HLOOKUP(INT($AC22),$B$20:$O$31,7))*($AC22-INT($AC22)) -> 1.174 | AI22: =HLOOKUP(INT($AC22),$B$20:$O$31,8)+(HLOOKUP(INT($AC22)+1,$B$20:$O$31,8)-HLOOKUP(INT($AC22),$B$20:$O$31,8))*($AC22-INT($AC22)) -> 1.217 | AJ22: =HLOOKUP(INT($AC22),$B$20:$O$31,9)+(HLOOKUP(INT($AC22)+1,$B$20:$O$31,9)-HLOOKUP(INT($AC22),$B$20:$O$31,9))*($AC22-INT($AC22)) -> 1.391 | AK22: =HLOOKUP(INT($AC22),$B$20:$O$31,10)+(HLOOKUP(INT($AC22)+1,$B$20:$O$31,10)-HLOOKUP(INT($AC22),$B$20:$O$31,10))*($AC22-INT($AC22)) -> 1.652 | AM22: 보정계수 | AN22: =AN25+(AN27-AN25)*(AN21-AN24) -> 0.652 | AO22: =AO25+(AO27-AO25)*(AO21-AO24) -> 0.783 | AP22: =AP25+(AP27-AP25)*(AP21-AP24) -> 0.87 | AQ22: =AQ25+(AQ27-AQ25)*(AQ21-AQ24) -> 1 | AR22: =AR25+(AR27-AR25)*(AR21-AR24) -> 1.174 | AS22: =AS25+(AS27-AS25)*(AS21-AS24) -> 1.217 | AT22: =AT25+(AT27-AT25)*(AT21-AT24) -> 1.391 | AU22: =AU25+(AU27-AU25)*(AU21-AU24) -> 1.652
A23: 20 | B23: =C23 -> 0.478 | C23: 0.478 | D23: =(C23+E23)/2 -> 0.5215 | E23: 0.565 | F23: =(E23+G23)/2 -> 0.6085 | G23: 0.652 | H23: =(G23+I23)/2 -> 0.7175 | I23: 0.783 | J23: =(I23+K23)/2 -> 0.8265 | K23: 0.87 | L23: =(K23+M23)/2 -> 0.935 | M23: 1 | N23: =(M23+O23)/2 -> 1.087 | O23: 1.174 | Q23: 3구간 | R23: =R9 -> 0 | S23: =HLOOKUP(INT($R23),$B$20:$O$31,3)+(HLOOKUP(INT($R23)+1,$B$20:$O$31,3)-HLOOKUP(INT($R23),$B$20:$O$31,3))*($R23-INT($R23)) -> 0.652 | T23: =HLOOKUP(INT($R23),$B$20:$O$31,4)+(HLOOKUP(INT($R23)+1,$B$20:$O$31,4)-HLOOKUP(INT($R23),$B$20:$O$31,4))*($R23-INT($R23)) -> 0.783 | U23: =HLOOKUP(INT($R23),$B$20:$O$31,5)+(HLOOKUP(INT($R23)+1,$B$20:$O$31,5)-HLOOKUP(INT($R23),$B$20:$O$31,5))*($R23-INT($R23)) -> 0.87 | V23: =HLOOKUP(INT($R23),$B$20:$O$31,6)+(HLOOKUP(INT($R23)+1,$B$20:$O$31,6)-HLOOKUP(INT($R23),$B$20:$O$31,6))*($R23-INT($R23)) -> 1 | W23: =HLOOKUP(INT($R23),$B$20:$O$31,7)+(HLOOKUP(INT($R23)+1,$B$20:$O$31,7)-HLOOKUP(INT($R23),$B$20:$O$31,7))*($R23-INT($R23)) -> 1.174 | X23: =HLOOKUP(INT($R23),$B$20:$O$31,8)+(HLOOKUP(INT($R23)+1,$B$20:$O$31,8)-HLOOKUP(INT($R23),$B$20:$O$31,8))*($R23-INT($R23)) -> 1.217 | Y23: =HLOOKUP(INT($R23),$B$20:$O$31,9)+(HLOOKUP(INT($R23)+1,$B$20:$O$31,9)-HLOOKUP(INT($R23),$B$20:$O$31,9))*($R23-INT($R23)) -> 1.391 | Z23: =HLOOKUP(INT($R23),$B$20:$O$31,10)+(HLOOKUP(INT($R23)+1,$B$20:$O$31,10)-HLOOKUP(INT($R23),$B$20:$O$31,10))*($R23-INT($R23)) -> 1.652 | AB23: 3구간 | AC23: =AC9 -> 0 | AD23: =HLOOKUP(INT($AC23),$B$20:$O$31,3)+(HLOOKUP(INT($AC23)+1,$B$20:$O$31,3)-HLOOKUP(INT($AC23),$B$20:$O$31,3))*($AC23-INT($AC23)) -> 0.652 | AE23: =HLOOKUP(INT($AC23),$B$20:$O$31,4)+(HLOOKUP(INT($AC23)+1,$B$20:$O$31,4)-HLOOKUP(INT($AC23),$B$20:$O$31,4))*($AC23-INT($AC23)) -> 0.783 | AF23: =HLOOKUP(INT($AC23),$B$20:$O$31,5)+(HLOOKUP(INT($AC23)+1,$B$20:$O$31,5)-HLOOKUP(INT($AC23),$B$20:$O$31,5))*($AC23-INT($AC23)) -> 0.87 | AG23: =HLOOKUP(INT($AC23),$B$20:$O$31,6)+(HLOOKUP(INT($AC23)+1,$B$20:$O$31,6)-HLOOKUP(INT($AC23),$B$20:$O$31,6))*($AC23-INT($AC23)) -> 1 | AH23: =HLOOKUP(INT($AC23),$B$20:$O$31,7)+(HLOOKUP(INT($AC23)+1,$B$20:$O$31,7)-HLOOKUP(INT($AC23),$B$20:$O$31,7))*($AC23-INT($AC23)) -> 1.174 | AI23: =HLOOKUP(INT($AC23),$B$20:$O$31,8)+(HLOOKUP(INT($AC23)+1,$B$20:$O$31,8)-HLOOKUP(INT($AC23),$B$20:$O$31,8))*($AC23-INT($AC23)) -> 1.217 | AJ23: =HLOOKUP(INT($AC23),$B$20:$O$31,9)+(HLOOKUP(INT($AC23)+1,$B$20:$O$31,9)-HLOOKUP(INT($AC23),$B$20:$O$31,9))*($AC23-INT($AC23)) -> 1.391 | AK23: =HLOOKUP(INT($AC23),$B$20:$O$31,10)+(HLOOKUP(INT($AC23)+1,$B$20:$O$31,10)-HLOOKUP(INT($AC23),$B$20:$O$31,10))*($AC23-INT($AC23)) -> 1.652
A24: 30 | B24: =C24 -> 0.478 | C24: 0.478 | D24: =(C24+E24)/2 -> 0.5435 | E24: 0.609 | F24: =(E24+G24)/2 -> 0.6525 | G24: 0.696 | H24: =(G24+I24)/2 -> 0.783 | I24: 0.87 | J24: =(I24+K24)/2 -> 0.935 | K24: 1 | L24: =(K24+M24)/2 -> 1.087 | M24: 1.174 | N24: =(M24+O24)/2 -> 1.261 | O24: 1.348 | Q24: 4구간 | R24: =R10 -> 0 | S24: =HLOOKUP(INT($R24),$B$20:$O$31,3)+(HLOOKUP(INT($R24)+1,$B$20:$O$31,3)-HLOOKUP(INT($R24),$B$20:$O$31,3))*($R24-INT($R24)) -> 0.652 | T24: =HLOOKUP(INT($R24),$B$20:$O$31,4)+(HLOOKUP(INT($R24)+1,$B$20:$O$31,4)-HLOOKUP(INT($R24),$B$20:$O$31,4))*($R24-INT($R24)) -> 0.783 | U24: =HLOOKUP(INT($R24),$B$20:$O$31,5)+(HLOOKUP(INT($R24)+1,$B$20:$O$31,5)-HLOOKUP(INT($R24),$B$20:$O$31,5))*($R24-INT($R24)) -> 0.87 | V24: =HLOOKUP(INT($R24),$B$20:$O$31,6)+(HLOOKUP(INT($R24)+1,$B$20:$O$31,6)-HLOOKUP(INT($R24),$B$20:$O$31,6))*($R24-INT($R24)) -> 1 | W24: =HLOOKUP(INT($R24),$B$20:$O$31,7)+(HLOOKUP(INT($R24)+1,$B$20:$O$31,7)-HLOOKUP(INT($R24),$B$20:$O$31,7))*($R24-INT($R24)) -> 1.174 | X24: =HLOOKUP(INT($R24),$B$20:$O$31,8)+(HLOOKUP(INT($R24)+1,$B$20:$O$31,8)-HLOOKUP(INT($R24),$B$20:$O$31,8))*($R24-INT($R24)) -> 1.217 | Y24: =HLOOKUP(INT($R24),$B$20:$O$31,9)+(HLOOKUP(INT($R24)+1,$B$20:$O$31,9)-HLOOKUP(INT($R24),$B$20:$O$31,9))*($R24-INT($R24)) -> 1.391 | Z24: =HLOOKUP(INT($R24),$B$20:$O$31,10)+(HLOOKUP(INT($R24)+1,$B$20:$O$31,10)-HLOOKUP(INT($R24),$B$20:$O$31,10))*($R24-INT($R24)) -> 1.652 | AB24: 4구간 | AC24: =AC10 -> 0 | AD24: =HLOOKUP(INT($AC24),$B$20:$O$31,3)+(HLOOKUP(INT($AC24)+1,$B$20:$O$31,3)-HLOOKUP(INT($AC24),$B$20:$O$31,3))*($AC24-INT($AC24)) -> 0.652 | AE24: =HLOOKUP(INT($AC24),$B$20:$O$31,4)+(HLOOKUP(INT($AC24)+1,$B$20:$O$31,4)-HLOOKUP(INT($AC24),$B$20:$O$31,4))*($AC24-INT($AC24)) -> 0.783 | AF24: =HLOOKUP(INT($AC24),$B$20:$O$31,5)+(HLOOKUP(INT($AC24)+1,$B$20:$O$31,5)-HLOOKUP(INT($AC24),$B$20:$O$31,5))*($AC24-INT($AC24)) -> 0.87 | AG24: =HLOOKUP(INT($AC24),$B$20:$O$31,6)+(HLOOKUP(INT($AC24)+1,$B$20:$O$31,6)-HLOOKUP(INT($AC24),$B$20:$O$31,6))*($AC24-INT($AC24)) -> 1 | AH24: =HLOOKUP(INT($AC24),$B$20:$O$31,7)+(HLOOKUP(INT($AC24)+1,$B$20:$O$31,7)-HLOOKUP(INT($AC24),$B$20:$O$31,7))*($AC24-INT($AC24)) -> 1.174 | AI24: =HLOOKUP(INT($AC24),$B$20:$O$31,8)+(HLOOKUP(INT($AC24)+1,$B$20:$O$31,8)-HLOOKUP(INT($AC24),$B$20:$O$31,8))*($AC24-INT($AC24)) -> 1.217 | AJ24: =HLOOKUP(INT($AC24),$B$20:$O$31,9)+(HLOOKUP(INT($AC24)+1,$B$20:$O$31,9)-HLOOKUP(INT($AC24),$B$20:$O$31,9))*($AC24-INT($AC24)) -> 1.391 | AK24: =HLOOKUP(INT($AC24),$B$20:$O$31,10)+(HLOOKUP(INT($AC24)+1,$B$20:$O$31,10)-HLOOKUP(INT($AC24),$B$20:$O$31,10))*($AC24-INT($AC24)) -> 1.652 | AM24: 참고조건1 | AN24: =INT(AN21) -> 0 | AO24: =INT(AO21) -> 0 | AP24: =INT(AP21) -> 0 | AQ24: =INT(AQ21) -> 0 | AR24: =INT(AR21) -> 0 | AS24: =INT(AS21) -> 0 | AT24: =INT(AT21) -> 0 | AU24: =INT(AU21) -> 0
A25: 40 | B25: =C25 -> 0.522 | C25: 0.522 | D25: =(C25+E25)/2 -> 0.5655 | E25: 0.609 | F25: =(E25+G25)/2 -> 0.696 | G25: 0.783 | H25: =(G25+I25)/2 -> 0.8915 | I25: 1 | J25: =(I25+K25)/2 -> 1.1085 | K25: 1.217 | L25: =(K25+M25)/2 -> 1.3475 | M25: 1.478 | N25: =(M25+O25)/2 -> 1.6085 | O25: 1.739 | Q25: 5구간 | R25: =R11 -> 0 | S25: =HLOOKUP(INT($R25),$B$20:$O$31,3)+(HLOOKUP(INT($R25)+1,$B$20:$O$31,3)-HLOOKUP(INT($R25),$B$20:$O$31,3))*($R25-INT($R25)) -> 0.652 | T25: =HLOOKUP(INT($R25),$B$20:$O$31,4)+(HLOOKUP(INT($R25)+1,$B$20:$O$31,4)-HLOOKUP(INT($R25),$B$20:$O$31,4))*($R25-INT($R25)) -> 0.783 | U25: =HLOOKUP(INT($R25),$B$20:$O$31,5)+(HLOOKUP(INT($R25)+1,$B$20:$O$31,5)-HLOOKUP(INT($R25),$B$20:$O$31,5))*($R25-INT($R25)) -> 0.87 | V25: =HLOOKUP(INT($R25),$B$20:$O$31,6)+(HLOOKUP(INT($R25)+1,$B$20:$O$31,6)-HLOOKUP(INT($R25),$B$20:$O$31,6))*($R25-INT($R25)) -> 1 | W25: =HLOOKUP(INT($R25),$B$20:$O$31,7)+(HLOOKUP(INT($R25)+1,$B$20:$O$31,7)-HLOOKUP(INT($R25),$B$20:$O$31,7))*($R25-INT($R25)) -> 1.174 | X25: =HLOOKUP(INT($R25),$B$20:$O$31,8)+(HLOOKUP(INT($R25)+1,$B$20:$O$31,8)-HLOOKUP(INT($R25),$B$20:$O$31,8))*($R25-INT($R25)) -> 1.217 | Y25: =HLOOKUP(INT($R25),$B$20:$O$31,9)+(HLOOKUP(INT($R25)+1,$B$20:$O$31,9)-HLOOKUP(INT($R25),$B$20:$O$31,9))*($R25-INT($R25)) -> 1.391 | Z25: =HLOOKUP(INT($R25),$B$20:$O$31,10)+(HLOOKUP(INT($R25)+1,$B$20:$O$31,10)-HLOOKUP(INT($R25),$B$20:$O$31,10))*($R25-INT($R25)) -> 1.652 | AB25: 5구간 | AC25: =AC11 -> 0 | AD25: =HLOOKUP(INT($AC25),$B$20:$O$31,3)+(HLOOKUP(INT($AC25)+1,$B$20:$O$31,3)-HLOOKUP(INT($AC25),$B$20:$O$31,3))*($AC25-INT($AC25)) -> 0.652 | AE25: =HLOOKUP(INT($AC25),$B$20:$O$31,4)+(HLOOKUP(INT($AC25)+1,$B$20:$O$31,4)-HLOOKUP(INT($AC25),$B$20:$O$31,4))*($AC25-INT($AC25)) -> 0.783 | AF25: =HLOOKUP(INT($AC25),$B$20:$O$31,5)+(HLOOKUP(INT($AC25)+1,$B$20:$O$31,5)-HLOOKUP(INT($AC25),$B$20:$O$31,5))*($AC25-INT($AC25)) -> 0.87 | AG25: =HLOOKUP(INT($AC25),$B$20:$O$31,6)+(HLOOKUP(INT($AC25)+1,$B$20:$O$31,6)-HLOOKUP(INT($AC25),$B$20:$O$31,6))*($AC25-INT($AC25)) -> 1 | AH25: =HLOOKUP(INT($AC25),$B$20:$O$31,7)+(HLOOKUP(INT($AC25)+1,$B$20:$O$31,7)-HLOOKUP(INT($AC25),$B$20:$O$31,7))*($AC25-INT($AC25)) -> 1.174 | AI25: =HLOOKUP(INT($AC25),$B$20:$O$31,8)+(HLOOKUP(INT($AC25)+1,$B$20:$O$31,8)-HLOOKUP(INT($AC25),$B$20:$O$31,8))*($AC25-INT($AC25)) -> 1.217 | AJ25: =HLOOKUP(INT($AC25),$B$20:$O$31,9)+(HLOOKUP(INT($AC25)+1,$B$20:$O$31,9)-HLOOKUP(INT($AC25),$B$20:$O$31,9))*($AC25-INT($AC25)) -> 1.391 | AK25: =HLOOKUP(INT($AC25),$B$20:$O$31,10)+(HLOOKUP(INT($AC25)+1,$B$20:$O$31,10)-HLOOKUP(INT($AC25),$B$20:$O$31,10))*($AC25-INT($AC25)) -> 1.652 | AM25: 참고값1 | AN25: =HLOOKUP(AN24,$B$20:$O$31,AN28) -> 0.652 | AO25: =HLOOKUP(AO24,$B$20:$O$31,AO28) -> 0.783 | AP25: =HLOOKUP(AP24,$B$20:$O$31,AP28) -> 0.87 | AQ25: =HLOOKUP(AQ24,$B$20:$O$31,AQ28) -> 1 | AR25: =HLOOKUP(AR24,$B$20:$O$31,AR28) -> 1.174 | AS25: =HLOOKUP(AS24,$B$20:$O$31,AS28) -> 1.217 | AT25: =HLOOKUP(AT24,$B$20:$O$31,AT28) -> 1.391 | AU25: =HLOOKUP(AU24,$B$20:$O$31,AU28) -> 1.652
A26: 50 | B26: =C26 -> 0.522 | C26: 0.522 | D26: =(C26+E26)/2 -> 0.587 | E26: 0.652 | F26: =(E26+G26)/2 -> 0.761 | G26: 0.87 | H26: =(G26+I26)/2 -> 1.022 | I26: 1.174 | J26: =(I26+K26)/2 -> 1.326 | K26: 1.478 | L26: =(K26+M26)/2 -> 1.652 | M26: 1.826 | N26: =(M26+O26)/2 -> 1.9565 | O26: 2.087 | Q26: 6구간 | R26: =R12 -> 0 | S26: =HLOOKUP(INT($R26),$B$20:$O$31,3)+(HLOOKUP(INT($R26)+1,$B$20:$O$31,3)-HLOOKUP(INT($R26),$B$20:$O$31,3))*($R26-INT($R26)) -> 0.652 | T26: =HLOOKUP(INT($R26),$B$20:$O$31,4)+(HLOOKUP(INT($R26)+1,$B$20:$O$31,4)-HLOOKUP(INT($R26),$B$20:$O$31,4))*($R26-INT($R26)) -> 0.783 | U26: =HLOOKUP(INT($R26),$B$20:$O$31,5)+(HLOOKUP(INT($R26)+1,$B$20:$O$31,5)-HLOOKUP(INT($R26),$B$20:$O$31,5))*($R26-INT($R26)) -> 0.87 | V26: =HLOOKUP(INT($R26),$B$20:$O$31,6)+(HLOOKUP(INT($R26)+1,$B$20:$O$31,6)-HLOOKUP(INT($R26),$B$20:$O$31,6))*($R26-INT($R26)) -> 1 | W26: =HLOOKUP(INT($R26),$B$20:$O$31,7)+(HLOOKUP(INT($R26)+1,$B$20:$O$31,7)-HLOOKUP(INT($R26),$B$20:$O$31,7))*($R26-INT($R26)) -> 1.174 | X26: =HLOOKUP(INT($R26),$B$20:$O$31,8)+(HLOOKUP(INT($R26)+1,$B$20:$O$31,8)-HLOOKUP(INT($R26),$B$20:$O$31,8))*($R26-INT($R26)) -> 1.217 | Y26: =HLOOKUP(INT($R26),$B$20:$O$31,9)+(HLOOKUP(INT($R26)+1,$B$20:$O$31,9)-HLOOKUP(INT($R26),$B$20:$O$31,9))*($R26-INT($R26)) -> 1.391 | Z26: =HLOOKUP(INT($R26),$B$20:$O$31,10)+(HLOOKUP(INT($R26)+1,$B$20:$O$31,10)-HLOOKUP(INT($R26),$B$20:$O$31,10))*($R26-INT($R26)) -> 1.652 | AB26: 6구간 | AC26: =AC12 -> 0 | AD26: =HLOOKUP(INT($AC26),$B$20:$O$31,3)+(HLOOKUP(INT($AC26)+1,$B$20:$O$31,3)-HLOOKUP(INT($AC26),$B$20:$O$31,3))*($AC26-INT($AC26)) -> 0.652 | AE26: =HLOOKUP(INT($AC26),$B$20:$O$31,4)+(HLOOKUP(INT($AC26)+1,$B$20:$O$31,4)-HLOOKUP(INT($AC26),$B$20:$O$31,4))*($AC26-INT($AC26)) -> 0.783 | AF26: =HLOOKUP(INT($AC26),$B$20:$O$31,5)+(HLOOKUP(INT($AC26)+1,$B$20:$O$31,5)-HLOOKUP(INT($AC26),$B$20:$O$31,5))*($AC26-INT($AC26)) -> 0.87 | AG26: =HLOOKUP(INT($AC26),$B$20:$O$31,6)+(HLOOKUP(INT($AC26)+1,$B$20:$O$31,6)-HLOOKUP(INT($AC26),$B$20:$O$31,6))*($AC26-INT($AC26)) -> 1 | AH26: =HLOOKUP(INT($AC26),$B$20:$O$31,7)+(HLOOKUP(INT($AC26)+1,$B$20:$O$31,7)-HLOOKUP(INT($AC26),$B$20:$O$31,7))*($AC26-INT($AC26)) -> 1.174 | AI26: =HLOOKUP(INT($AC26),$B$20:$O$31,8)+(HLOOKUP(INT($AC26)+1,$B$20:$O$31,8)-HLOOKUP(INT($AC26),$B$20:$O$31,8))*($AC26-INT($AC26)) -> 1.217 | AJ26: =HLOOKUP(INT($AC26),$B$20:$O$31,9)+(HLOOKUP(INT($AC26)+1,$B$20:$O$31,9)-HLOOKUP(INT($AC26),$B$20:$O$31,9))*($AC26-INT($AC26)) -> 1.391 | AK26: =HLOOKUP(INT($AC26),$B$20:$O$31,10)+(HLOOKUP(INT($AC26)+1,$B$20:$O$31,10)-HLOOKUP(INT($AC26),$B$20:$O$31,10))*($AC26-INT($AC26)) -> 1.652 | AM26: 참고조건2 | AN26: =AN24+1 -> 1 | AO26: =AO24+1 -> 1 | AP26: =AP24+1 -> 1 | AQ26: =AQ24+1 -> 1 | AR26: =AR24+1 -> 1 | AS26: =AS24+1 -> 1 | AT26: =AT24+1 -> 1 | AU26: =AU24+1 -> 1
A27: 60 | B27: =C27 -> 0.565 | C27: 0.565 | D27: =(C27+E27)/2 -> 0.6305 | E27: 0.696 | F27: =(E27+G27)/2 -> 0.8045 | G27: 0.913 | H27: =(G27+I27)/2 -> 1.065 | I27: 1.217 | J27: =(I27+K27)/2 -> 1.4345 | K27: 1.652 | L27: =(K27+M27)/2 -> 1.891 | M27: 2.13 | N27: =(M27+O27)/2 -> 2.3695 | O27: 2.609 | Q27: 7구간 | R27: =R13 -> 0 | S27: =HLOOKUP(INT($R27),$B$20:$O$31,3)+(HLOOKUP(INT($R27)+1,$B$20:$O$31,3)-HLOOKUP(INT($R27),$B$20:$O$31,3))*($R27-INT($R27)) -> 0.652 | T27: =HLOOKUP(INT($R27),$B$20:$O$31,4)+(HLOOKUP(INT($R27)+1,$B$20:$O$31,4)-HLOOKUP(INT($R27),$B$20:$O$31,4))*($R27-INT($R27)) -> 0.783 | U27: =HLOOKUP(INT($R27),$B$20:$O$31,5)+(HLOOKUP(INT($R27)+1,$B$20:$O$31,5)-HLOOKUP(INT($R27),$B$20:$O$31,5))*($R27-INT($R27)) -> 0.87 | V27: =HLOOKUP(INT($R27),$B$20:$O$31,6)+(HLOOKUP(INT($R27)+1,$B$20:$O$31,6)-HLOOKUP(INT($R27),$B$20:$O$31,6))*($R27-INT($R27)) -> 1 | W27: =HLOOKUP(INT($R27),$B$20:$O$31,7)+(HLOOKUP(INT($R27)+1,$B$20:$O$31,7)-HLOOKUP(INT($R27),$B$20:$O$31,7))*($R27-INT($R27)) -> 1.174 | X27: =HLOOKUP(INT($R27),$B$20:$O$31,8)+(HLOOKUP(INT($R27)+1,$B$20:$O$31,8)-HLOOKUP(INT($R27),$B$20:$O$31,8))*($R27-INT($R27)) -> 1.217 | Y27: =HLOOKUP(INT($R27),$B$20:$O$31,9)+(HLOOKUP(INT($R27)+1,$B$20:$O$31,9)-HLOOKUP(INT($R27),$B$20:$O$31,9))*($R27-INT($R27)) -> 1.391 | Z27: =HLOOKUP(INT($R27),$B$20:$O$31,10)+(HLOOKUP(INT($R27)+1,$B$20:$O$31,10)-HLOOKUP(INT($R27),$B$20:$O$31,10))*($R27-INT($R27)) -> 1.652 | AB27: 7구간 | AC27: =AC13 -> 0 | AD27: =HLOOKUP(INT($AC27),$B$20:$O$31,3)+(HLOOKUP(INT($AC27)+1,$B$20:$O$31,3)-HLOOKUP(INT($AC27),$B$20:$O$31,3))*($AC27-INT($AC27)) -> 0.652 | AE27: =HLOOKUP(INT($AC27),$B$20:$O$31,4)+(HLOOKUP(INT($AC27)+1,$B$20:$O$31,4)-HLOOKUP(INT($AC27),$B$20:$O$31,4))*($AC27-INT($AC27)) -> 0.783 | AF27: =HLOOKUP(INT($AC27),$B$20:$O$31,5)+(HLOOKUP(INT($AC27)+1,$B$20:$O$31,5)-HLOOKUP(INT($AC27),$B$20:$O$31,5))*($AC27-INT($AC27)) -> 0.87 | AG27: =HLOOKUP(INT($AC27),$B$20:$O$31,6)+(HLOOKUP(INT($AC27)+1,$B$20:$O$31,6)-HLOOKUP(INT($AC27),$B$20:$O$31,6))*($AC27-INT($AC27)) -> 1 | AH27: =HLOOKUP(INT($AC27),$B$20:$O$31,7)+(HLOOKUP(INT($AC27)+1,$B$20:$O$31,7)-HLOOKUP(INT($AC27),$B$20:$O$31,7))*($AC27-INT($AC27)) -> 1.174 | AI27: =HLOOKUP(INT($AC27),$B$20:$O$31,8)+(HLOOKUP(INT($AC27)+1,$B$20:$O$31,8)-HLOOKUP(INT($AC27),$B$20:$O$31,8))*($AC27-INT($AC27)) -> 1.217 | AJ27: =HLOOKUP(INT($AC27),$B$20:$O$31,9)+(HLOOKUP(INT($AC27)+1,$B$20:$O$31,9)-HLOOKUP(INT($AC27),$B$20:$O$31,9))*($AC27-INT($AC27)) -> 1.391 | AK27: =HLOOKUP(INT($AC27),$B$20:$O$31,10)+(HLOOKUP(INT($AC27)+1,$B$20:$O$31,10)-HLOOKUP(INT($AC27),$B$20:$O$31,10))*($AC27-INT($AC27)) -> 1.652 | AM27: 참고값2 | AN27: =HLOOKUP(AN26,$B$20:$O$31,AN28) -> 0.674 | AO27: =HLOOKUP(AO26,$B$20:$O$31,AO28) -> 0.8265 | AP27: =HLOOKUP(AP26,$B$20:$O$31,AP28) -> 0.935 | AQ27: =HLOOKUP(AQ26,$B$20:$O$31,AQ28) -> 1.1085 | AR27: =HLOOKUP(AR26,$B$20:$O$31,AR28) -> 1.326 | AS27: =HLOOKUP(AS26,$B$20:$O$31,AS28) -> 1.4345 | AT27: =HLOOKUP(AT26,$B$20:$O$31,AT28) -> 1.6305 | AU27: =HLOOKUP(AU26,$B$20:$O$31,AU28) -> 1.978
A28: 70 | B28: =C28 -> 0.565 | C28: 0.565 | D28: =(C28+E28)/2 -> 0.674 | E28: 0.783 | F28: =(E28+G28)/2 -> 0.935 | G28: 1.087 | H28: =(G28+I28)/2 -> 1.239 | I28: 1.391 | J28: =(I28+K28)/2 -> 1.6305 | K28: 1.87 | L28: =(K28+M28)/2 -> 2.087 | M28: 2.304 | N28: =(M28+O28)/2 -> 2.6735 | O28: 3.043 | Q28: 8구간 | R28: =R14 -> 0 | S28: =HLOOKUP(INT($R28),$B$20:$O$31,3)+(HLOOKUP(INT($R28)+1,$B$20:$O$31,3)-HLOOKUP(INT($R28),$B$20:$O$31,3))*($R28-INT($R28)) -> 0.652 | T28: =HLOOKUP(INT($R28),$B$20:$O$31,4)+(HLOOKUP(INT($R28)+1,$B$20:$O$31,4)-HLOOKUP(INT($R28),$B$20:$O$31,4))*($R28-INT($R28)) -> 0.783 | U28: =HLOOKUP(INT($R28),$B$20:$O$31,5)+(HLOOKUP(INT($R28)+1,$B$20:$O$31,5)-HLOOKUP(INT($R28),$B$20:$O$31,5))*($R28-INT($R28)) -> 0.87 | V28: =HLOOKUP(INT($R28),$B$20:$O$31,6)+(HLOOKUP(INT($R28)+1,$B$20:$O$31,6)-HLOOKUP(INT($R28),$B$20:$O$31,6))*($R28-INT($R28)) -> 1 | W28: =HLOOKUP(INT($R28),$B$20:$O$31,7)+(HLOOKUP(INT($R28)+1,$B$20:$O$31,7)-HLOOKUP(INT($R28),$B$20:$O$31,7))*($R28-INT($R28)) -> 1.174 | X28: =HLOOKUP(INT($R28),$B$20:$O$31,8)+(HLOOKUP(INT($R28)+1,$B$20:$O$31,8)-HLOOKUP(INT($R28),$B$20:$O$31,8))*($R28-INT($R28)) -> 1.217 | Y28: =HLOOKUP(INT($R28),$B$20:$O$31,9)+(HLOOKUP(INT($R28)+1,$B$20:$O$31,9)-HLOOKUP(INT($R28),$B$20:$O$31,9))*($R28-INT($R28)) -> 1.391 | Z28: =HLOOKUP(INT($R28),$B$20:$O$31,10)+(HLOOKUP(INT($R28)+1,$B$20:$O$31,10)-HLOOKUP(INT($R28),$B$20:$O$31,10))*($R28-INT($R28)) -> 1.652 | AB28: 8구간 | AC28: =AC14 -> 0 | AD28: =HLOOKUP(INT($AC28),$B$20:$O$31,3)+(HLOOKUP(INT($AC28)+1,$B$20:$O$31,3)-HLOOKUP(INT($AC28),$B$20:$O$31,3))*($AC28-INT($AC28)) -> 0.652 | AE28: =HLOOKUP(INT($AC28),$B$20:$O$31,4)+(HLOOKUP(INT($AC28)+1,$B$20:$O$31,4)-HLOOKUP(INT($AC28),$B$20:$O$31,4))*($AC28-INT($AC28)) -> 0.783 | AF28: =HLOOKUP(INT($AC28),$B$20:$O$31,5)+(HLOOKUP(INT($AC28)+1,$B$20:$O$31,5)-HLOOKUP(INT($AC28),$B$20:$O$31,5))*($AC28-INT($AC28)) -> 0.87 | AG28: =HLOOKUP(INT($AC28),$B$20:$O$31,6)+(HLOOKUP(INT($AC28)+1,$B$20:$O$31,6)-HLOOKUP(INT($AC28),$B$20:$O$31,6))*($AC28-INT($AC28)) -> 1 | AH28: =HLOOKUP(INT($AC28),$B$20:$O$31,7)+(HLOOKUP(INT($AC28)+1,$B$20:$O$31,7)-HLOOKUP(INT($AC28),$B$20:$O$31,7))*($AC28-INT($AC28)) -> 1.174 | AI28: =HLOOKUP(INT($AC28),$B$20:$O$31,8)+(HLOOKUP(INT($AC28)+1,$B$20:$O$31,8)-HLOOKUP(INT($AC28),$B$20:$O$31,8))*($AC28-INT($AC28)) -> 1.217 | AJ28: =HLOOKUP(INT($AC28),$B$20:$O$31,9)+(HLOOKUP(INT($AC28)+1,$B$20:$O$31,9)-HLOOKUP(INT($AC28),$B$20:$O$31,9))*($AC28-INT($AC28)) -> 1.391 | AK28: =HLOOKUP(INT($AC28),$B$20:$O$31,10)+(HLOOKUP(INT($AC28)+1,$B$20:$O$31,10)-HLOOKUP(INT($AC28),$B$20:$O$31,10))*($AC28-INT($AC28)) -> 1.652 | AN28: 3 | AO28: 4 | AP28: 5 | AQ28: 6 | AR28: 7 | AS28: 8 | AT28: 9 | AU28: 10
A29: 80 | B29: =C29 -> 0.565 | C29: 0.565 | D29: =(C29+E29)/2 -> 0.6955 | E29: 0.826 | F29: =(E29+G29)/2 -> 1.0215 | G29: 1.217 | H29: =(G29+I29)/2 -> 1.4345 | I29: 1.652 | J29: =(I29+K29)/2 -> 1.978 | K29: 2.304 | L29: =(K29+M29)/2 -> 2.587 | M29: 2.87 | N29: =(M29+O29)/2 -> 3.3045 | O29: 3.739 | Q29: 9구간 | R29: =R15 -> 0 | S29: =HLOOKUP(INT($R29),$B$20:$O$31,3)+(HLOOKUP(INT($R29)+1,$B$20:$O$31,3)-HLOOKUP(INT($R29),$B$20:$O$31,3))*($R29-INT($R29)) -> 0.652 | T29: =HLOOKUP(INT($R29),$B$20:$O$31,4)+(HLOOKUP(INT($R29)+1,$B$20:$O$31,4)-HLOOKUP(INT($R29),$B$20:$O$31,4))*($R29-INT($R29)) -> 0.783 | U29: =HLOOKUP(INT($R29),$B$20:$O$31,5)+(HLOOKUP(INT($R29)+1,$B$20:$O$31,5)-HLOOKUP(INT($R29),$B$20:$O$31,5))*($R29-INT($R29)) -> 0.87 | V29: =HLOOKUP(INT($R29),$B$20:$O$31,6)+(HLOOKUP(INT($R29)+1,$B$20:$O$31,6)-HLOOKUP(INT($R29),$B$20:$O$31,6))*($R29-INT($R29)) -> 1 | W29: =HLOOKUP(INT($R29),$B$20:$O$31,7)+(HLOOKUP(INT($R29)+1,$B$20:$O$31,7)-HLOOKUP(INT($R29),$B$20:$O$31,7))*($R29-INT($R29)) -> 1.174 | X29: =HLOOKUP(INT($R29),$B$20:$O$31,8)+(HLOOKUP(INT($R29)+1,$B$20:$O$31,8)-HLOOKUP(INT($R29),$B$20:$O$31,8))*($R29-INT($R29)) -> 1.217 | Y29: =HLOOKUP(INT($R29),$B$20:$O$31,9)+(HLOOKUP(INT($R29)+1,$B$20:$O$31,9)-HLOOKUP(INT($R29),$B$20:$O$31,9))*($R29-INT($R29)) -> 1.391 | Z29: =HLOOKUP(INT($R29),$B$20:$O$31,10)+(HLOOKUP(INT($R29)+1,$B$20:$O$31,10)-HLOOKUP(INT($R29),$B$20:$O$31,10))*($R29-INT($R29)) -> 1.652 | AB29: 9구간 | AC29: =AC15 -> 0 | AD29: =HLOOKUP(INT($AC29),$B$20:$O$31,3)+(HLOOKUP(INT($AC29)+1,$B$20:$O$31,3)-HLOOKUP(INT($AC29),$B$20:$O$31,3))*($AC29-INT($AC29)) -> 0.652 | AE29: =HLOOKUP(INT($AC29),$B$20:$O$31,4)+(HLOOKUP(INT($AC29)+1,$B$20:$O$31,4)-HLOOKUP(INT($AC29),$B$20:$O$31,4))*($AC29-INT($AC29)) -> 0.783 | AF29: =HLOOKUP(INT($AC29),$B$20:$O$31,5)+(HLOOKUP(INT($AC29)+1,$B$20:$O$31,5)-HLOOKUP(INT($AC29),$B$20:$O$31,5))*($AC29-INT($AC29)) -> 0.87 | AG29: =HLOOKUP(INT($AC29),$B$20:$O$31,6)+(HLOOKUP(INT($AC29)+1,$B$20:$O$31,6)-HLOOKUP(INT($AC29),$B$20:$O$31,6))*($AC29-INT($AC29)) -> 1 | AH29: =HLOOKUP(INT($AC29),$B$20:$O$31,7)+(HLOOKUP(INT($AC29)+1,$B$20:$O$31,7)-HLOOKUP(INT($AC29),$B$20:$O$31,7))*($AC29-INT($AC29)) -> 1.174 | AI29: =HLOOKUP(INT($AC29),$B$20:$O$31,8)+(HLOOKUP(INT($AC29)+1,$B$20:$O$31,8)-HLOOKUP(INT($AC29),$B$20:$O$31,8))*($AC29-INT($AC29)) -> 1.217 | AJ29: =HLOOKUP(INT($AC29),$B$20:$O$31,9)+(HLOOKUP(INT($AC29)+1,$B$20:$O$31,9)-HLOOKUP(INT($AC29),$B$20:$O$31,9))*($AC29-INT($AC29)) -> 1.391 | AK29: =HLOOKUP(INT($AC29),$B$20:$O$31,10)+(HLOOKUP(INT($AC29)+1,$B$20:$O$31,10)-HLOOKUP(INT($AC29),$B$20:$O$31,10))*($AC29-INT($AC29)) -> 1.652
A30: 90 | B30: =C30 -> 0.652 | C30: 0.652 | D30: =(C30+E30)/2 -> 0.8045 | E30: 0.957 | F30: =(E30+G30)/2 -> 1.174 | G30: 1.391 | H30: =(G30+I30)/2 -> 1.6955 | I30: 2 | J30: =(I30+K30)/2 -> 2.413 | K30: 2.826 | L30: =(K30+M30)/2 -> 3.1955 | M30: 3.565 | N30: =(M30+O30)/2 -> 3.891 | O30: 4.217 | Q30: 10구간 | R30: =R16 -> 0 | S30: =HLOOKUP(INT($R30),$B$20:$O$31,3)+(HLOOKUP(INT($R30)+1,$B$20:$O$31,3)-HLOOKUP(INT($R30),$B$20:$O$31,3))*($R30-INT($R30)) -> 0.652 | T30: =HLOOKUP(INT($R30),$B$20:$O$31,4)+(HLOOKUP(INT($R30)+1,$B$20:$O$31,4)-HLOOKUP(INT($R30),$B$20:$O$31,4))*($R30-INT($R30)) -> 0.783 | U30: =HLOOKUP(INT($R30),$B$20:$O$31,5)+(HLOOKUP(INT($R30)+1,$B$20:$O$31,5)-HLOOKUP(INT($R30),$B$20:$O$31,5))*($R30-INT($R30)) -> 0.87 | V30: =HLOOKUP(INT($R30),$B$20:$O$31,6)+(HLOOKUP(INT($R30)+1,$B$20:$O$31,6)-HLOOKUP(INT($R30),$B$20:$O$31,6))*($R30-INT($R30)) -> 1 | W30: =HLOOKUP(INT($R30),$B$20:$O$31,7)+(HLOOKUP(INT($R30)+1,$B$20:$O$31,7)-HLOOKUP(INT($R30),$B$20:$O$31,7))*($R30-INT($R30)) -> 1.174 | X30: =HLOOKUP(INT($R30),$B$20:$O$31,8)+(HLOOKUP(INT($R30)+1,$B$20:$O$31,8)-HLOOKUP(INT($R30),$B$20:$O$31,8))*($R30-INT($R30)) -> 1.217 | Y30: =HLOOKUP(INT($R30),$B$20:$O$31,9)+(HLOOKUP(INT($R30)+1,$B$20:$O$31,9)-HLOOKUP(INT($R30),$B$20:$O$31,9))*($R30-INT($R30)) -> 1.391 | Z30: =HLOOKUP(INT($R30),$B$20:$O$31,10)+(HLOOKUP(INT($R30)+1,$B$20:$O$31,10)-HLOOKUP(INT($R30),$B$20:$O$31,10))*($R30-INT($R30)) -> 1.652 | AB30: 10구간 | AC30: =AC16 -> 0 | AD30: =HLOOKUP(INT($AC30),$B$20:$O$31,3)+(HLOOKUP(INT($AC30)+1,$B$20:$O$31,3)-HLOOKUP(INT($AC30),$B$20:$O$31,3))*($AC30-INT($AC30)) -> 0.652 | AE30: =HLOOKUP(INT($AC30),$B$20:$O$31,4)+(HLOOKUP(INT($AC30)+1,$B$20:$O$31,4)-HLOOKUP(INT($AC30),$B$20:$O$31,4))*($AC30-INT($AC30)) -> 0.783 | AF30: =HLOOKUP(INT($AC30),$B$20:$O$31,5)+(HLOOKUP(INT($AC30)+1,$B$20:$O$31,5)-HLOOKUP(INT($AC30),$B$20:$O$31,5))*($AC30-INT($AC30)) -> 0.87 | AG30: =HLOOKUP(INT($AC30),$B$20:$O$31,6)+(HLOOKUP(INT($AC30)+1,$B$20:$O$31,6)-HLOOKUP(INT($AC30),$B$20:$O$31,6))*($AC30-INT($AC30)) -> 1 | AH30: =HLOOKUP(INT($AC30),$B$20:$O$31,7)+(HLOOKUP(INT($AC30)+1,$B$20:$O$31,7)-HLOOKUP(INT($AC30),$B$20:$O$31,7))*($AC30-INT($AC30)) -> 1.174 | AI30: =HLOOKUP(INT($AC30),$B$20:$O$31,8)+(HLOOKUP(INT($AC30)+1,$B$20:$O$31,8)-HLOOKUP(INT($AC30),$B$20:$O$31,8))*($AC30-INT($AC30)) -> 1.217 | AJ30: =HLOOKUP(INT($AC30),$B$20:$O$31,9)+(HLOOKUP(INT($AC30)+1,$B$20:$O$31,9)-HLOOKUP(INT($AC30),$B$20:$O$31,9))*($AC30-INT($AC30)) -> 1.391 | AK30: =HLOOKUP(INT($AC30),$B$20:$O$31,10)+(HLOOKUP(INT($AC30)+1,$B$20:$O$31,10)-HLOOKUP(INT($AC30),$B$20:$O$31,10))*($AC30-INT($AC30)) -> 1.652
A31: 100 | B31: =C31 -> 0.87 | C31: 0.87 | D31: =(C31+E31)/2 -> 1 | E31: 1.13 | F31: =(E31+G31)/2 -> 1.391 | G31: 1.652 | H31: =(G31+I31)/2 -> 2.0435 | I31: 2.435 | J31: =(I31+K31)/2 -> 2.8695 | K31: 3.304 | L31: =(K31+M31)/2 -> 3.6955 | M31: 4.087 | N31: =(M31+O31)/2 -> 4.348 | O31: 4.609
A32: (3) 소형버스,소형트럭 / 경유
C33: 경사도(%) | Q33: (1.1-3) 소형버스,소형트럭 / 경유 | AB33: (1.2-3) 소형버스,소형트럭 / 경유 | AM33: 검증
A34: 차속 | B34: -100 | C34: -6 | D34: =(C34+E34)/2 -> -5 | E34: -4 | F34: =(E34+G34)/2 -> -3 | G34: -2 | H34: =(G34+I34)/2 -> -1 | I34: 0 | J34: =(I34+K34)/2 -> 1 | K34: 2 | L34: =(K34+M34)/2 -> 3 | M34: 4 | N34: =(M34+O34)/2 -> 5 | O34: 6 | Q34: 구간 | R34: 경사도(%) | S34: 10 | T34: 20 | U34: 30 | V34: 40 | W34: 50 | X34: 60 | Y34: 70 | Z34: 80 | AB34: 구간 | AC34: 경사도(%) | AD34: 10 | AE34: 20 | AF34: 30 | AG34: 40 | AH34: 50 | AI34: 60 | AJ34: 70 | AK34: 80 | AM34: 구분 | AN34: 10 | AO34: 20 | AP34: 30 | AQ34: 40 | AR34: 50 | AS34: 60 | AT34: 70 | AU34: 80
A35: 0 | B35: =C35 -> 0.143 | C35: 0.143 | D35: =(C35+E35)/2 -> 0.143 | E35: 0.143 | F35: =(E35+G35)/2 -> 0.143 | G35: 0.143 | H35: =(G35+I35)/2 -> 0.143 | I35: 0.143 | J35: =(I35+K35)/2 -> 0.143 | K35: 0.143 | L35: =(K35+M35)/2 -> 0.143 | M35: 0.143 | N35: =(M35+O35)/2 -> 0.143 | O35: 0.143 | Q35: 1구간 | R35: =R21 -> 0 | S35: =HLOOKUP(INT($R35),$B$34:$O$45,3)+(HLOOKUP(INT($R35)+1,$B$34:$O$45,3)-HLOOKUP(INT($R35),$B$34:$O$45,3))*($R35-INT($R35)) -> 0.619 | T35: =HLOOKUP(INT($R35),$B$34:$O$45,4)+(HLOOKUP(INT($R35)+1,$B$34:$O$45,4)-HLOOKUP(INT($R35),$B$34:$O$45,4))*($R35-INT($R35)) -> 0.786 | U35: =HLOOKUP(INT($R35),$B$34:$O$45,5)+(HLOOKUP(INT($R35)+1,$B$34:$O$45,5)-HLOOKUP(INT($R35),$B$34:$O$45,5))*($R35-INT($R35)) -> 0.833 | V35: =HLOOKUP(INT($R35),$B$34:$O$45,6)+(HLOOKUP(INT($R35)+1,$B$34:$O$45,6)-HLOOKUP(INT($R35),$B$34:$O$45,6))*($R35-INT($R35)) -> 1 | W35: =HLOOKUP(INT($R35),$B$34:$O$45,7)+(HLOOKUP(INT($R35)+1,$B$34:$O$45,7)-HLOOKUP(INT($R35),$B$34:$O$45,7))*($R35-INT($R35)) -> 1.143 | X35: =HLOOKUP(INT($R35),$B$34:$O$45,8)+(HLOOKUP(INT($R35)+1,$B$34:$O$45,8)-HLOOKUP(INT($R35),$B$34:$O$45,8))*($R35-INT($R35)) -> 1.405 | Y35: =HLOOKUP(INT($R35),$B$34:$O$45,9)+(HLOOKUP(INT($R35)+1,$B$34:$O$45,9)-HLOOKUP(INT($R35),$B$34:$O$45,9))*($R35-INT($R35)) -> 1.643 | Z35: =HLOOKUP(INT($R35),$B$34:$O$45,10)+(HLOOKUP(INT($R35)+1,$B$34:$O$45,10)-HLOOKUP(INT($R35),$B$34:$O$45,10))*($R35-INT($R35)) -> 2.167 | AB35: 1구간 | AC35: =AC21 -> 1.784 | AD35: =HLOOKUP(INT($AC35),$B$34:$O$45,3)+(HLOOKUP(INT($AC35)+1,$B$34:$O$45,3)-HLOOKUP(INT($AC35),$B$34:$O$45,3))*($AC35-INT($AC35)) -> 0.682332 | AE35: =HLOOKUP(INT($AC35),$B$34:$O$45,4)+(HLOOKUP(INT($AC35)+1,$B$34:$O$45,4)-HLOOKUP(INT($AC35),$B$34:$O$45,4))*($AC35-INT($AC35)) -> 0.892148 | AF35: =HLOOKUP(INT($AC35),$B$34:$O$45,5)+(HLOOKUP(INT($AC35)+1,$B$34:$O$45,5)-HLOOKUP(INT($AC35),$B$34:$O$45,5))*($AC35-INT($AC35)) -> 1.088112 | AG35: =HLOOKUP(INT($AC35),$B$34:$O$45,6)+(HLOOKUP(INT($AC35)+1,$B$34:$O$45,6)-HLOOKUP(INT($AC35),$B$34:$O$45,6))*($AC35-INT($AC35)) -> 1.255112 | AH35: =HLOOKUP(INT($AC35),$B$34:$O$45,7)+(HLOOKUP(INT($AC35)+1,$B$34:$O$45,7)-HLOOKUP(INT($AC35),$B$34:$O$45,7))*($AC35-INT($AC35)) -> 1.418628 | AI35: =HLOOKUP(INT($AC35),$B$34:$O$45,8)+(HLOOKUP(INT($AC35)+1,$B$34:$O$45,8)-HLOOKUP(INT($AC35),$B$34:$O$45,8))*($AC35-INT($AC35)) -> 1.680628 | AJ35: =HLOOKUP(INT($AC35),$B$34:$O$45,9)+(HLOOKUP(INT($AC35)+1,$B$34:$O$45,9)-HLOOKUP(INT($AC35),$B$34:$O$45,9))*($AC35-INT($AC35)) -> 2.25848 | AK35: =HLOOKUP(INT($AC35),$B$34:$O$45,10)+(HLOOKUP(INT($AC35)+1,$B$34:$O$45,10)-HLOOKUP(INT($AC35),$B$34:$O$45,10))*($AC35-INT($AC35)) -> 2.846704 | AM35: 경사도(%) | AN35: =R44 -> 0 | AO35: =AN35 -> 0 | AP35: =AO35 -> 0 | AQ35: =AP35 -> 0 | AR35: =AQ35 -> 0 | AS35: =AR35 -> 0 | AT35: =AS35 -> 0 | AU35: =AT35 -> 0
A36: 10 | B36: =C36 -> 0.429 | C36: 0.429 | D36: =(C36+E36)/2 -> 0.4525 | E36: 0.476 | F36: =(E36+G36)/2 -> 0.5 | G36: 0.524 | H36: =(G36+I36)/2 -> 0.5715 | I36: 0.619 | J36: =(I36+K36)/2 -> 0.6545 | K36: 0.69 | L36: =(K36+M36)/2 -> 0.738 | M36: 0.786 | N36: =(M36+O36)/2 -> 0.8215 | O36: 0.857 | Q36: 2구간 | R36: =R22 -> 0 | S36: =HLOOKUP(INT($R36),$B$34:$O$45,3)+(HLOOKUP(INT($R36)+1,$B$34:$O$45,3)-HLOOKUP(INT($R36),$B$34:$O$45,3))*($R36-INT($R36)) -> 0.619 | T36: =HLOOKUP(INT($R36),$B$34:$O$45,4)+(HLOOKUP(INT($R36)+1,$B$34:$O$45,4)-HLOOKUP(INT($R36),$B$34:$O$45,4))*($R36-INT($R36)) -> 0.786 | U36: =HLOOKUP(INT($R36),$B$34:$O$45,5)+(HLOOKUP(INT($R36)+1,$B$34:$O$45,5)-HLOOKUP(INT($R36),$B$34:$O$45,5))*($R36-INT($R36)) -> 0.833 | V36: =HLOOKUP(INT($R36),$B$34:$O$45,6)+(HLOOKUP(INT($R36)+1,$B$34:$O$45,6)-HLOOKUP(INT($R36),$B$34:$O$45,6))*($R36-INT($R36)) -> 1 | W36: =HLOOKUP(INT($R36),$B$34:$O$45,7)+(HLOOKUP(INT($R36)+1,$B$34:$O$45,7)-HLOOKUP(INT($R36),$B$34:$O$45,7))*($R36-INT($R36)) -> 1.143 | X36: =HLOOKUP(INT($R36),$B$34:$O$45,8)+(HLOOKUP(INT($R36)+1,$B$34:$O$45,8)-HLOOKUP(INT($R36),$B$34:$O$45,8))*($R36-INT($R36)) -> 1.405 | Y36: =HLOOKUP(INT($R36),$B$34:$O$45,9)+(HLOOKUP(INT($R36)+1,$B$34:$O$45,9)-HLOOKUP(INT($R36),$B$34:$O$45,9))*($R36-INT($R36)) -> 1.643 | Z36: =HLOOKUP(INT($R36),$B$34:$O$45,10)+(HLOOKUP(INT($R36)+1,$B$34:$O$45,10)-HLOOKUP(INT($R36),$B$34:$O$45,10))*($R36-INT($R36)) -> 2.167 | AB36: 2구간 | AC36: =AC22 -> 0 | AD36: =HLOOKUP(INT($AC36),$B$34:$O$45,3)+(HLOOKUP(INT($AC36)+1,$B$34:$O$45,3)-HLOOKUP(INT($AC36),$B$34:$O$45,3))*($AC36-INT($AC36)) -> 0.619 | AE36: =HLOOKUP(INT($AC36),$B$34:$O$45,4)+(HLOOKUP(INT($AC36)+1,$B$34:$O$45,4)-HLOOKUP(INT($AC36),$B$34:$O$45,4))*($AC36-INT($AC36)) -> 0.786 | AF36: =HLOOKUP(INT($AC36),$B$34:$O$45,5)+(HLOOKUP(INT($AC36)+1,$B$34:$O$45,5)-HLOOKUP(INT($AC36),$B$34:$O$45,5))*($AC36-INT($AC36)) -> 0.833 | AG36: =HLOOKUP(INT($AC36),$B$34:$O$45,6)+(HLOOKUP(INT($AC36)+1,$B$34:$O$45,6)-HLOOKUP(INT($AC36),$B$34:$O$45,6))*($AC36-INT($AC36)) -> 1 | AH36: =HLOOKUP(INT($AC36),$B$34:$O$45,7)+(HLOOKUP(INT($AC36)+1,$B$34:$O$45,7)-HLOOKUP(INT($AC36),$B$34:$O$45,7))*($AC36-INT($AC36)) -> 1.143 | AI36: =HLOOKUP(INT($AC36),$B$34:$O$45,8)+(HLOOKUP(INT($AC36)+1,$B$34:$O$45,8)-HLOOKUP(INT($AC36),$B$34:$O$45,8))*($AC36-INT($AC36)) -> 1.405 | AJ36: =HLOOKUP(INT($AC36),$B$34:$O$45,9)+(HLOOKUP(INT($AC36)+1,$B$34:$O$45,9)-HLOOKUP(INT($AC36),$B$34:$O$45,9))*($AC36-INT($AC36)) -> 1.643 | AK36: =HLOOKUP(INT($AC36),$B$34:$O$45,10)+(HLOOKUP(INT($AC36)+1,$B$34:$O$45,10)-HLOOKUP(INT($AC36),$B$34:$O$45,10))*($AC36-INT($AC36)) -> 2.167 | AM36: 보정계수 | AN36: =AN39+(AN41-AN39)*(AN35-AN38) -> 0.619 | AO36: =AO39+(AO41-AO39)*(AO35-AO38) -> 0.786 | AP36: =AP39+(AP41-AP39)*(AP35-AP38) -> 0.833 | AQ36: =AQ39+(AQ41-AQ39)*(AQ35-AQ38) -> 1 | AR36: =AR39+(AR41-AR39)*(AR35-AR38) -> 1.143 | AS36: =AS39+(AS41-AS39)*(AS35-AS38) -> 1.405 | AT36: =AT39+(AT41-AT39)*(AT35-AT38) -> 1.643 | AU36: =AU39+(AU41-AU39)*(AU35-AU38) -> 2.167
A37: 20 | B37: =C37 -> 0.476 | C37: 0.476 | D37: =(C37+E37)/2 -> 0.512 | E37: 0.548 | F37: =(E37+G37)/2 -> 0.6075 | G37: 0.667 | H37: =(G37+I37)/2 -> 0.7265 | I37: 0.786 | J37: =(I37+K37)/2 -> 0.8455 | K37: 0.905 | L37: =(K37+M37)/2 -> 1 | M37: 1.095 | N37: =(M37+O37)/2 -> 1.2025 | O37: 1.31 | Q37: 3구간 | R37: =R23 -> 0 | S37: =HLOOKUP(INT($R37),$B$34:$O$45,3)+(HLOOKUP(INT($R37)+1,$B$34:$O$45,3)-HLOOKUP(INT($R37),$B$34:$O$45,3))*($R37-INT($R37)) -> 0.619 | T37: =HLOOKUP(INT($R37),$B$34:$O$45,4)+(HLOOKUP(INT($R37)+1,$B$34:$O$45,4)-HLOOKUP(INT($R37),$B$34:$O$45,4))*($R37-INT($R37)) -> 0.786 | U37: =HLOOKUP(INT($R37),$B$34:$O$45,5)+(HLOOKUP(INT($R37)+1,$B$34:$O$45,5)-HLOOKUP(INT($R37),$B$34:$O$45,5))*($R37-INT($R37)) -> 0.833 | V37: =HLOOKUP(INT($R37),$B$34:$O$45,6)+(HLOOKUP(INT($R37)+1,$B$34:$O$45,6)-HLOOKUP(INT($R37),$B$34:$O$45,6))*($R37-INT($R37)) -> 1 | W37: =HLOOKUP(INT($R37),$B$34:$O$45,7)+(HLOOKUP(INT($R37)+1,$B$34:$O$45,7)-HLOOKUP(INT($R37),$B$34:$O$45,7))*($R37-INT($R37)) -> 1.143 | X37: =HLOOKUP(INT($R37),$B$34:$O$45,8)+(HLOOKUP(INT($R37)+1,$B$34:$O$45,8)-HLOOKUP(INT($R37),$B$34:$O$45,8))*($R37-INT($R37)) -> 1.405 | Y37: =HLOOKUP(INT($R37),$B$34:$O$45,9)+(HLOOKUP(INT($R37)+1,$B$34:$O$45,9)-HLOOKUP(INT($R37),$B$34:$O$45,9))*($R37-INT($R37)) -> 1.643 | Z37: =HLOOKUP(INT($R37),$B$34:$O$45,10)+(HLOOKUP(INT($R37)+1,$B$34:$O$45,10)-HLOOKUP(INT($R37),$B$34:$O$45,10))*($R37-INT($R37)) -> 2.167 | AB37: 3구간 | AC37: =AC23 -> 0 | AD37: =HLOOKUP(INT($AC37),$B$34:$O$45,3)+(HLOOKUP(INT($AC37)+1,$B$34:$O$45,3)-HLOOKUP(INT($AC37),$B$34:$O$45,3))*($AC37-INT($AC37)) -> 0.619 | AE37: =HLOOKUP(INT($AC37),$B$34:$O$45,4)+(HLOOKUP(INT($AC37)+1,$B$34:$O$45,4)-HLOOKUP(INT($AC37),$B$34:$O$45,4))*($AC37-INT($AC37)) -> 0.786 | AF37: =HLOOKUP(INT($AC37),$B$34:$O$45,5)+(HLOOKUP(INT($AC37)+1,$B$34:$O$45,5)-HLOOKUP(INT($AC37),$B$34:$O$45,5))*($AC37-INT($AC37)) -> 0.833 | AG37: =HLOOKUP(INT($AC37),$B$34:$O$45,6)+(HLOOKUP(INT($AC37)+1,$B$34:$O$45,6)-HLOOKUP(INT($AC37),$B$34:$O$45,6))*($AC37-INT($AC37)) -> 1 | AH37: =HLOOKUP(INT($AC37),$B$34:$O$45,7)+(HLOOKUP(INT($AC37)+1,$B$34:$O$45,7)-HLOOKUP(INT($AC37),$B$34:$O$45,7))*($AC37-INT($AC37)) -> 1.143 | AI37: =HLOOKUP(INT($AC37),$B$34:$O$45,8)+(HLOOKUP(INT($AC37)+1,$B$34:$O$45,8)-HLOOKUP(INT($AC37),$B$34:$O$45,8))*($AC37-INT($AC37)) -> 1.405 | AJ37: =HLOOKUP(INT($AC37),$B$34:$O$45,9)+(HLOOKUP(INT($AC37)+1,$B$34:$O$45,9)-HLOOKUP(INT($AC37),$B$34:$O$45,9))*($AC37-INT($AC37)) -> 1.643 | AK37: =HLOOKUP(INT($AC37),$B$34:$O$45,10)+(HLOOKUP(INT($AC37)+1,$B$34:$O$45,10)-HLOOKUP(INT($AC37),$B$34:$O$45,10))*($AC37-INT($AC37)) -> 2.167
A38: 30 | B38: =C38 -> 0.476 | C38: 0.476 | D38: =(C38+E38)/2 -> 0.512 | E38: 0.548 | F38: =(E38+G38)/2 -> 0.619 | G38: 0.69 | H38: =(G38+I38)/2 -> 0.7615 | I38: 0.833 | J38: =(I38+K38)/2 -> 0.976 | K38: 1.119 | L38: =(K38+M38)/2 -> 1.262 | M38: 1.405 | N38: =(M38+O38)/2 -> 1.536 | O38: 1.667 | Q38: 4구간 | R38: =R24 -> 0 | S38: =HLOOKUP(INT($R38),$B$34:$O$45,3)+(HLOOKUP(INT($R38)+1,$B$34:$O$45,3)-HLOOKUP(INT($R38),$B$34:$O$45,3))*($R38-INT($R38)) -> 0.619 | T38: =HLOOKUP(INT($R38),$B$34:$O$45,4)+(HLOOKUP(INT($R38)+1,$B$34:$O$45,4)-HLOOKUP(INT($R38),$B$34:$O$45,4))*($R38-INT($R38)) -> 0.786 | U38: =HLOOKUP(INT($R38),$B$34:$O$45,5)+(HLOOKUP(INT($R38)+1,$B$34:$O$45,5)-HLOOKUP(INT($R38),$B$34:$O$45,5))*($R38-INT($R38)) -> 0.833 | V38: =HLOOKUP(INT($R38),$B$34:$O$45,6)+(HLOOKUP(INT($R38)+1,$B$34:$O$45,6)-HLOOKUP(INT($R38),$B$34:$O$45,6))*($R38-INT($R38)) -> 1 | W38: =HLOOKUP(INT($R38),$B$34:$O$45,7)+(HLOOKUP(INT($R38)+1,$B$34:$O$45,7)-HLOOKUP(INT($R38),$B$34:$O$45,7))*($R38-INT($R38)) -> 1.143 | X38: =HLOOKUP(INT($R38),$B$34:$O$45,8)+(HLOOKUP(INT($R38)+1,$B$34:$O$45,8)-HLOOKUP(INT($R38),$B$34:$O$45,8))*($R38-INT($R38)) -> 1.405 | Y38: =HLOOKUP(INT($R38),$B$34:$O$45,9)+(HLOOKUP(INT($R38)+1,$B$34:$O$45,9)-HLOOKUP(INT($R38),$B$34:$O$45,9))*($R38-INT($R38)) -> 1.643 | Z38: =HLOOKUP(INT($R38),$B$34:$O$45,10)+(HLOOKUP(INT($R38)+1,$B$34:$O$45,10)-HLOOKUP(INT($R38),$B$34:$O$45,10))*($R38-INT($R38)) -> 2.167 | AB38: 4구간 | AC38: =AC24 -> 0 | AD38: =HLOOKUP(INT($AC38),$B$34:$O$45,3)+(HLOOKUP(INT($AC38)+1,$B$34:$O$45,3)-HLOOKUP(INT($AC38),$B$34:$O$45,3))*($AC38-INT($AC38)) -> 0.619 | AE38: =HLOOKUP(INT($AC38),$B$34:$O$45,4)+(HLOOKUP(INT($AC38)+1,$B$34:$O$45,4)-HLOOKUP(INT($AC38),$B$34:$O$45,4))*($AC38-INT($AC38)) -> 0.786 | AF38: =HLOOKUP(INT($AC38),$B$34:$O$45,5)+(HLOOKUP(INT($AC38)+1,$B$34:$O$45,5)-HLOOKUP(INT($AC38),$B$34:$O$45,5))*($AC38-INT($AC38)) -> 0.833 | AG38: =HLOOKUP(INT($AC38),$B$34:$O$45,6)+(HLOOKUP(INT($AC38)+1,$B$34:$O$45,6)-HLOOKUP(INT($AC38),$B$34:$O$45,6))*($AC38-INT($AC38)) -> 1 | AH38: =HLOOKUP(INT($AC38),$B$34:$O$45,7)+(HLOOKUP(INT($AC38)+1,$B$34:$O$45,7)-HLOOKUP(INT($AC38),$B$34:$O$45,7))*($AC38-INT($AC38)) -> 1.143 | AI38: =HLOOKUP(INT($AC38),$B$34:$O$45,8)+(HLOOKUP(INT($AC38)+1,$B$34:$O$45,8)-HLOOKUP(INT($AC38),$B$34:$O$45,8))*($AC38-INT($AC38)) -> 1.405 | AJ38: =HLOOKUP(INT($AC38),$B$34:$O$45,9)+(HLOOKUP(INT($AC38)+1,$B$34:$O$45,9)-HLOOKUP(INT($AC38),$B$34:$O$45,9))*($AC38-INT($AC38)) -> 1.643 | AK38: =HLOOKUP(INT($AC38),$B$34:$O$45,10)+(HLOOKUP(INT($AC38)+1,$B$34:$O$45,10)-HLOOKUP(INT($AC38),$B$34:$O$45,10))*($AC38-INT($AC38)) -> 2.167 | AM38: 참고조건1 | AN38: =INT(AN35) -> 0 | AO38: =INT(AO35) -> 0 | AP38: =INT(AP35) -> 0 | AQ38: =INT(AQ35) -> 0 | AR38: =INT(AR35) -> 0 | AS38: =INT(AS35) -> 0 | AT38: =INT(AT35) -> 0 | AU38: =INT(AU35) -> 0
A39: 40 | B39: =C39 -> 0.5 | C39: 0.5 | D39: =(C39+E39)/2 -> 0.5835 | E39: 0.667 | F39: =(E39+G39)/2 -> 0.7265 | G39: 0.786 | H39: =(G39+I39)/2 -> 0.893 | I39: 1 | J39: =(I39+K39)/2 -> 1.143 | K39: 1.286 | L39: =(K39+M39)/2 -> 1.5 | M39: 1.714 | N39: =(M39+O39)/2 -> 1.869 | O39: 2.024 | Q39: 5구간 | R39: =R25 -> 0 | S39: =HLOOKUP(INT($R39),$B$34:$O$45,3)+(HLOOKUP(INT($R39)+1,$B$34:$O$45,3)-HLOOKUP(INT($R39),$B$34:$O$45,3))*($R39-INT($R39)) -> 0.619 | T39: =HLOOKUP(INT($R39),$B$34:$O$45,4)+(HLOOKUP(INT($R39)+1,$B$34:$O$45,4)-HLOOKUP(INT($R39),$B$34:$O$45,4))*($R39-INT($R39)) -> 0.786 | U39: =HLOOKUP(INT($R39),$B$34:$O$45,5)+(HLOOKUP(INT($R39)+1,$B$34:$O$45,5)-HLOOKUP(INT($R39),$B$34:$O$45,5))*($R39-INT($R39)) -> 0.833 | V39: =HLOOKUP(INT($R39),$B$34:$O$45,6)+(HLOOKUP(INT($R39)+1,$B$34:$O$45,6)-HLOOKUP(INT($R39),$B$34:$O$45,6))*($R39-INT($R39)) -> 1 | W39: =HLOOKUP(INT($R39),$B$34:$O$45,7)+(HLOOKUP(INT($R39)+1,$B$34:$O$45,7)-HLOOKUP(INT($R39),$B$34:$O$45,7))*($R39-INT($R39)) -> 1.143 | X39: =HLOOKUP(INT($R39),$B$34:$O$45,8)+(HLOOKUP(INT($R39)+1,$B$34:$O$45,8)-HLOOKUP(INT($R39),$B$34:$O$45,8))*($R39-INT($R39)) -> 1.405 | Y39: =HLOOKUP(INT($R39),$B$34:$O$45,9)+(HLOOKUP(INT($R39)+1,$B$34:$O$45,9)-HLOOKUP(INT($R39),$B$34:$O$45,9))*($R39-INT($R39)) -> 1.643 | Z39: =HLOOKUP(INT($R39),$B$34:$O$45,10)+(HLOOKUP(INT($R39)+1,$B$34:$O$45,10)-HLOOKUP(INT($R39),$B$34:$O$45,10))*($R39-INT($R39)) -> 2.167 | AB39: 5구간 | AC39: =AC25 -> 0 | AD39: =HLOOKUP(INT($AC39),$B$34:$O$45,3)+(HLOOKUP(INT($AC39)+1,$B$34:$O$45,3)-HLOOKUP(INT($AC39),$B$34:$O$45,3))*($AC39-INT($AC39)) -> 0.619 | AE39: =HLOOKUP(INT($AC39),$B$34:$O$45,4)+(HLOOKUP(INT($AC39)+1,$B$34:$O$45,4)-HLOOKUP(INT($AC39),$B$34:$O$45,4))*($AC39-INT($AC39)) -> 0.786 | AF39: =HLOOKUP(INT($AC39),$B$34:$O$45,5)+(HLOOKUP(INT($AC39)+1,$B$34:$O$45,5)-HLOOKUP(INT($AC39),$B$34:$O$45,5))*($AC39-INT($AC39)) -> 0.833 | AG39: =HLOOKUP(INT($AC39),$B$34:$O$45,6)+(HLOOKUP(INT($AC39)+1,$B$34:$O$45,6)-HLOOKUP(INT($AC39),$B$34:$O$45,6))*($AC39-INT($AC39)) -> 1 | AH39: =HLOOKUP(INT($AC39),$B$34:$O$45,7)+(HLOOKUP(INT($AC39)+1,$B$34:$O$45,7)-HLOOKUP(INT($AC39),$B$34:$O$45,7))*($AC39-INT($AC39)) -> 1.143 | AI39: =HLOOKUP(INT($AC39),$B$34:$O$45,8)+(HLOOKUP(INT($AC39)+1,$B$34:$O$45,8)-HLOOKUP(INT($AC39),$B$34:$O$45,8))*($AC39-INT($AC39)) -> 1.405 | AJ39: =HLOOKUP(INT($AC39),$B$34:$O$45,9)+(HLOOKUP(INT($AC39)+1,$B$34:$O$45,9)-HLOOKUP(INT($AC39),$B$34:$O$45,9))*($AC39-INT($AC39)) -> 1.643 | AK39: =HLOOKUP(INT($AC39),$B$34:$O$45,10)+(HLOOKUP(INT($AC39)+1,$B$34:$O$45,10)-HLOOKUP(INT($AC39),$B$34:$O$45,10))*($AC39-INT($AC39)) -> 2.167 | AM39: 참고값1 | AN39: =HLOOKUP(AN38,$B$34:$O$45,AN42) -> 0.619 | AO39: =HLOOKUP(AO38,$B$34:$O$45,AO42) -> 0.786 | AP39: =HLOOKUP(AP38,$B$34:$O$45,AP42) -> 0.833 | AQ39: =HLOOKUP(AQ38,$B$34:$O$45,AQ42) -> 1 | AR39: =HLOOKUP(AR38,$B$34:$O$45,AR42) -> 1.143 | AS39: =HLOOKUP(AS38,$B$34:$O$45,AS42) -> 1.405 | AT39: =HLOOKUP(AT38,$B$34:$O$45,AT42) -> 1.643 | AU39: =HLOOKUP(AU38,$B$34:$O$45,AU42) -> 2.167
A40: 50 | B40: =C40 -> 0.476 | C40: 0.476 | D40: =(C40+E40)/2 -> 0.5595 | E40: 0.643 | F40: =(E40+G40)/2 -> 0.762 | G40: 0.881 | H40: =(G40+I40)/2 -> 1.012 | I40: 1.143 | J40: =(I40+K40)/2 -> 1.2975 | K40: 1.452 | L40: =(K40+M40)/2 -> 1.7735 | M40: 2.095 | N40: =(M40+O40)/2 -> 2.1665 | O40: 2.238 | Q40: 6구간 | R40: =R26 -> 0 | S40: =HLOOKUP(INT($R40),$B$34:$O$45,3)+(HLOOKUP(INT($R40)+1,$B$34:$O$45,3)-HLOOKUP(INT($R40),$B$34:$O$45,3))*($R40-INT($R40)) -> 0.619 | T40: =HLOOKUP(INT($R40),$B$34:$O$45,4)+(HLOOKUP(INT($R40)+1,$B$34:$O$45,4)-HLOOKUP(INT($R40),$B$34:$O$45,4))*($R40-INT($R40)) -> 0.786 | U40: =HLOOKUP(INT($R40),$B$34:$O$45,5)+(HLOOKUP(INT($R40)+1,$B$34:$O$45,5)-HLOOKUP(INT($R40),$B$34:$O$45,5))*($R40-INT($R40)) -> 0.833 | V40: =HLOOKUP(INT($R40),$B$34:$O$45,6)+(HLOOKUP(INT($R40)+1,$B$34:$O$45,6)-HLOOKUP(INT($R40),$B$34:$O$45,6))*($R40-INT($R40)) -> 1 | W40: =HLOOKUP(INT($R40),$B$34:$O$45,7)+(HLOOKUP(INT($R40)+1,$B$34:$O$45,7)-HLOOKUP(INT($R40),$B$34:$O$45,7))*($R40-INT($R40)) -> 1.143 | X40: =HLOOKUP(INT($R40),$B$34:$O$45,8)+(HLOOKUP(INT($R40)+1,$B$34:$O$45,8)-HLOOKUP(INT($R40),$B$34:$O$45,8))*($R40-INT($R40)) -> 1.405 | Y40: =HLOOKUP(INT($R40),$B$34:$O$45,9)+(HLOOKUP(INT($R40)+1,$B$34:$O$45,9)-HLOOKUP(INT($R40),$B$34:$O$45,9))*($R40-INT($R40)) -> 1.643 | Z40: =HLOOKUP(INT($R40),$B$34:$O$45,10)+(HLOOKUP(INT($R40)+1,$B$34:$O$45,10)-HLOOKUP(INT($R40),$B$34:$O$45,10))*($R40-INT($R40)) -> 2.167 | AB40: 6구간 | AC40: =AC26 -> 0 | AD40: =HLOOKUP(INT($AC40),$B$34:$O$45,3)+(HLOOKUP(INT($AC40)+1,$B$34:$O$45,3)-HLOOKUP(INT($AC40),$B$34:$O$45,3))*($AC40-INT($AC40)) -> 0.619 | AE40: =HLOOKUP(INT($AC40),$B$34:$O$45,4)+(HLOOKUP(INT($AC40)+1,$B$34:$O$45,4)-HLOOKUP(INT($AC40),$B$34:$O$45,4))*($AC40-INT($AC40)) -> 0.786 | AF40: =HLOOKUP(INT($AC40),$B$34:$O$45,5)+(HLOOKUP(INT($AC40)+1,$B$34:$O$45,5)-HLOOKUP(INT($AC40),$B$34:$O$45,5))*($AC40-INT($AC40)) -> 0.833 | AG40: =HLOOKUP(INT($AC40),$B$34:$O$45,6)+(HLOOKUP(INT($AC40)+1,$B$34:$O$45,6)-HLOOKUP(INT($AC40),$B$34:$O$45,6))*($AC40-INT($AC40)) -> 1 | AH40: =HLOOKUP(INT($AC40),$B$34:$O$45,7)+(HLOOKUP(INT($AC40)+1,$B$34:$O$45,7)-HLOOKUP(INT($AC40),$B$34:$O$45,7))*($AC40-INT($AC40)) -> 1.143 | AI40: =HLOOKUP(INT($AC40),$B$34:$O$45,8)+(HLOOKUP(INT($AC40)+1,$B$34:$O$45,8)-HLOOKUP(INT($AC40),$B$34:$O$45,8))*($AC40-INT($AC40)) -> 1.405 | AJ40: =HLOOKUP(INT($AC40),$B$34:$O$45,9)+(HLOOKUP(INT($AC40)+1,$B$34:$O$45,9)-HLOOKUP(INT($AC40),$B$34:$O$45,9))*($AC40-INT($AC40)) -> 1.643 | AK40: =HLOOKUP(INT($AC40),$B$34:$O$45,10)+(HLOOKUP(INT($AC40)+1,$B$34:$O$45,10)-HLOOKUP(INT($AC40),$B$34:$O$45,10))*($AC40-INT($AC40)) -> 2.167 | AM40: 참고조건2 | AN40: =AN38+1 -> 1 | AO40: =AO38+1 -> 1 | AP40: =AP38+1 -> 1 | AQ40: =AQ38+1 -> 1 | AR40: =AR38+1 -> 1 | AS40: =AS38+1 -> 1 | AT40: =AT38+1 -> 1 | AU40: =AU38+1 -> 1
A41: 60 | B41: =C41 -> 0.548 | C41: 0.548 | D41: =(C41+E41)/2 -> 0.631 | E41: 0.714 | F41: =(E41+G41)/2 -> 0.857 | G41: 1 | H41: =(G41+I41)/2 -> 1.2025 | I41: 1.405 | J41: =(I41+K41)/2 -> 1.5595 | K41: 1.714 | L41: =(K41+M41)/2 -> 2.107 | M41: 2.5 | N41: =(M41+O41)/2 -> 2.6665 | O41: 2.833 | Q41: 7구간 | R41: =R27 -> 0 | S41: =HLOOKUP(INT($R41),$B$34:$O$45,3)+(HLOOKUP(INT($R41)+1,$B$34:$O$45,3)-HLOOKUP(INT($R41),$B$34:$O$45,3))*($R41-INT($R41)) -> 0.619 | T41: =HLOOKUP(INT($R41),$B$34:$O$45,4)+(HLOOKUP(INT($R41)+1,$B$34:$O$45,4)-HLOOKUP(INT($R41),$B$34:$O$45,4))*($R41-INT($R41)) -> 0.786 | U41: =HLOOKUP(INT($R41),$B$34:$O$45,5)+(HLOOKUP(INT($R41)+1,$B$34:$O$45,5)-HLOOKUP(INT($R41),$B$34:$O$45,5))*($R41-INT($R41)) -> 0.833 | V41: =HLOOKUP(INT($R41),$B$34:$O$45,6)+(HLOOKUP(INT($R41)+1,$B$34:$O$45,6)-HLOOKUP(INT($R41),$B$34:$O$45,6))*($R41-INT($R41)) -> 1 | W41: =HLOOKUP(INT($R41),$B$34:$O$45,7)+(HLOOKUP(INT($R41)+1,$B$34:$O$45,7)-HLOOKUP(INT($R41),$B$34:$O$45,7))*($R41-INT($R41)) -> 1.143 | X41: =HLOOKUP(INT($R41),$B$34:$O$45,8)+(HLOOKUP(INT($R41)+1,$B$34:$O$45,8)-HLOOKUP(INT($R41),$B$34:$O$45,8))*($R41-INT($R41)) -> 1.405 | Y41: =HLOOKUP(INT($R41),$B$34:$O$45,9)+(HLOOKUP(INT($R41)+1,$B$34:$O$45,9)-HLOOKUP(INT($R41),$B$34:$O$45,9))*($R41-INT($R41)) -> 1.643 | Z41: =HLOOKUP(INT($R41),$B$34:$O$45,10)+(HLOOKUP(INT($R41)+1,$B$34:$O$45,10)-HLOOKUP(INT($R41),$B$34:$O$45,10))*($R41-INT($R41)) -> 2.167 | AB41: 7구간 | AC41: =AC27 -> 0 | AD41: =HLOOKUP(INT($AC41),$B$34:$O$45,3)+(HLOOKUP(INT($AC41)+1,$B$34:$O$45,3)-HLOOKUP(INT($AC41),$B$34:$O$45,3))*($AC41-INT($AC41)) -> 0.619 | AE41: =HLOOKUP(INT($AC41),$B$34:$O$45,4)+(HLOOKUP(INT($AC41)+1,$B$34:$O$45,4)-HLOOKUP(INT($AC41),$B$34:$O$45,4))*($AC41-INT($AC41)) -> 0.786 | AF41: =HLOOKUP(INT($AC41),$B$34:$O$45,5)+(HLOOKUP(INT($AC41)+1,$B$34:$O$45,5)-HLOOKUP(INT($AC41),$B$34:$O$45,5))*($AC41-INT($AC41)) -> 0.833 | AG41: =HLOOKUP(INT($AC41),$B$34:$O$45,6)+(HLOOKUP(INT($AC41)+1,$B$34:$O$45,6)-HLOOKUP(INT($AC41),$B$34:$O$45,6))*($AC41-INT($AC41)) -> 1 | AH41: =HLOOKUP(INT($AC41),$B$34:$O$45,7)+(HLOOKUP(INT($AC41)+1,$B$34:$O$45,7)-HLOOKUP(INT($AC41),$B$34:$O$45,7))*($AC41-INT($AC41)) -> 1.143 | AI41: =HLOOKUP(INT($AC41),$B$34:$O$45,8)+(HLOOKUP(INT($AC41)+1,$B$34:$O$45,8)-HLOOKUP(INT($AC41),$B$34:$O$45,8))*($AC41-INT($AC41)) -> 1.405 | AJ41: =HLOOKUP(INT($AC41),$B$34:$O$45,9)+(HLOOKUP(INT($AC41)+1,$B$34:$O$45,9)-HLOOKUP(INT($AC41),$B$34:$O$45,9))*($AC41-INT($AC41)) -> 1.643 | AK41: =HLOOKUP(INT($AC41),$B$34:$O$45,10)+(HLOOKUP(INT($AC41)+1,$B$34:$O$45,10)-HLOOKUP(INT($AC41),$B$34:$O$45,10))*($AC41-INT($AC41)) -> 2.167 | AM41: 참고값2 | AN41: =HLOOKUP(AN40,$B$34:$O$45,AN42) -> 0.6545 | AO41: =HLOOKUP(AO40,$B$34:$O$45,AO42) -> 0.8455 | AP41: =HLOOKUP(AP40,$B$34:$O$45,AP42) -> 0.976 | AQ41: =HLOOKUP(AQ40,$B$34:$O$45,AQ42) -> 1.143 | AR41: =HLOOKUP(AR40,$B$34:$O$45,AR42) -> 1.2975 | AS41: =HLOOKUP(AS40,$B$34:$O$45,AS42) -> 1.5595 | AT41: =HLOOKUP(AT40,$B$34:$O$45,AT42) -> 1.988 | AU41: =HLOOKUP(AU40,$B$34:$O$45,AU42) -> 2.548
A42: 70 | B42: =C42 -> 0.595 | C42: 0.595 | D42: =(C42+E42)/2 -> 0.6905 | E42: 0.786 | F42: =(E42+G42)/2 -> 0.9405 | G42: 1.095 | H42: =(G42+I42)/2 -> 1.369 | I42: 1.643 | J42: =(I42+K42)/2 -> 1.988 | K42: 2.333 | L42: =(K42+M42)/2 -> 2.619 | M42: 2.905 | N42: =(M42+O42)/2 -> 3.155 | O42: 3.405 | Q42: 8구간 | R42: =R28 -> 0 | S42: =HLOOKUP(INT($R42),$B$34:$O$45,3)+(HLOOKUP(INT($R42)+1,$B$34:$O$45,3)-HLOOKUP(INT($R42),$B$34:$O$45,3))*($R42-INT($R42)) -> 0.619 | T42: =HLOOKUP(INT($R42),$B$34:$O$45,4)+(HLOOKUP(INT($R42)+1,$B$34:$O$45,4)-HLOOKUP(INT($R42),$B$34:$O$45,4))*($R42-INT($R42)) -> 0.786 | U42: =HLOOKUP(INT($R42),$B$34:$O$45,5)+(HLOOKUP(INT($R42)+1,$B$34:$O$45,5)-HLOOKUP(INT($R42),$B$34:$O$45,5))*($R42-INT($R42)) -> 0.833 | V42: =HLOOKUP(INT($R42),$B$34:$O$45,6)+(HLOOKUP(INT($R42)+1,$B$34:$O$45,6)-HLOOKUP(INT($R42),$B$34:$O$45,6))*($R42-INT($R42)) -> 1 | W42: =HLOOKUP(INT($R42),$B$34:$O$45,7)+(HLOOKUP(INT($R42)+1,$B$34:$O$45,7)-HLOOKUP(INT($R42),$B$34:$O$45,7))*($R42-INT($R42)) -> 1.143 | X42: =HLOOKUP(INT($R42),$B$34:$O$45,8)+(HLOOKUP(INT($R42)+1,$B$34:$O$45,8)-HLOOKUP(INT($R42),$B$34:$O$45,8))*($R42-INT($R42)) -> 1.405 | Y42: =HLOOKUP(INT($R42),$B$34:$O$45,9)+(HLOOKUP(INT($R42)+1,$B$34:$O$45,9)-HLOOKUP(INT($R42),$B$34:$O$45,9))*($R42-INT($R42)) -> 1.643 | Z42: =HLOOKUP(INT($R42),$B$34:$O$45,10)+(HLOOKUP(INT($R42)+1,$B$34:$O$45,10)-HLOOKUP(INT($R42),$B$34:$O$45,10))*($R42-INT($R42)) -> 2.167 | AB42: 8구간 | AC42: =AC28 -> 0 | AD42: =HLOOKUP(INT($AC42),$B$34:$O$45,3)+(HLOOKUP(INT($AC42)+1,$B$34:$O$45,3)-HLOOKUP(INT($AC42),$B$34:$O$45,3))*($AC42-INT($AC42)) -> 0.619 | AE42: =HLOOKUP(INT($AC42),$B$34:$O$45,4)+(HLOOKUP(INT($AC42)+1,$B$34:$O$45,4)-HLOOKUP(INT($AC42),$B$34:$O$45,4))*($AC42-INT($AC42)) -> 0.786 | AF42: =HLOOKUP(INT($AC42),$B$34:$O$45,5)+(HLOOKUP(INT($AC42)+1,$B$34:$O$45,5)-HLOOKUP(INT($AC42),$B$34:$O$45,5))*($AC42-INT($AC42)) -> 0.833 | AG42: =HLOOKUP(INT($AC42),$B$34:$O$45,6)+(HLOOKUP(INT($AC42)+1,$B$34:$O$45,6)-HLOOKUP(INT($AC42),$B$34:$O$45,6))*($AC42-INT($AC42)) -> 1 | AH42: =HLOOKUP(INT($AC42),$B$34:$O$45,7)+(HLOOKUP(INT($AC42)+1,$B$34:$O$45,7)-HLOOKUP(INT($AC42),$B$34:$O$45,7))*($AC42-INT($AC42)) -> 1.143 | AI42: =HLOOKUP(INT($AC42),$B$34:$O$45,8)+(HLOOKUP(INT($AC42)+1,$B$34:$O$45,8)-HLOOKUP(INT($AC42),$B$34:$O$45,8))*($AC42-INT($AC42)) -> 1.405 | AJ42: =HLOOKUP(INT($AC42),$B$34:$O$45,9)+(HLOOKUP(INT($AC42)+1,$B$34:$O$45,9)-HLOOKUP(INT($AC42),$B$34:$O$45,9))*($AC42-INT($AC42)) -> 1.643 | AK42: =HLOOKUP(INT($AC42),$B$34:$O$45,10)+(HLOOKUP(INT($AC42)+1,$B$34:$O$45,10)-HLOOKUP(INT($AC42),$B$34:$O$45,10))*($AC42-INT($AC42)) -> 2.167 | AN42: 3 | AO42: 4 | AP42: 5 | AQ42: 6 | AR42: 7 | AS42: 8 | AT42: 9 | AU42: 10
A43: 80 | B43: =C43 -> 0.929 | C43: 0.929 | D43: =(C43+E43)/2 -> 1.012 | E43: 1.095 | F43: =(E43+G43)/2 -> 1.3095 | G43: 1.524 | H43: =(G43+I43)/2 -> 1.8455 | I43: 2.167 | J43: =(I43+K43)/2 -> 2.548 | K43: 2.929 | L43: =(K43+M43)/2 -> 3.2265 | M43: 3.524 | N43: =(M43+O43)/2 -> 3.8215 | O43: 4.119 | Q43: 9구간 | R43: =R29 -> 0 | S43: =HLOOKUP(INT($R43),$B$34:$O$45,3)+(HLOOKUP(INT($R43)+1,$B$34:$O$45,3)-HLOOKUP(INT($R43),$B$34:$O$45,3))*($R43-INT($R43)) -> 0.619 | T43: =HLOOKUP(INT($R43),$B$34:$O$45,4)+(HLOOKUP(INT($R43)+1,$B$34:$O$45,4)-HLOOKUP(INT($R43),$B$34:$O$45,4))*($R43-INT($R43)) -> 0.786 | U43: =HLOOKUP(INT($R43),$B$34:$O$45,5)+(HLOOKUP(INT($R43)+1,$B$34:$O$45,5)-HLOOKUP(INT($R43),$B$34:$O$45,5))*($R43-INT($R43)) -> 0.833 | V43: =HLOOKUP(INT($R43),$B$34:$O$45,6)+(HLOOKUP(INT($R43)+1,$B$34:$O$45,6)-HLOOKUP(INT($R43),$B$34:$O$45,6))*($R43-INT($R43)) -> 1 | W43: =HLOOKUP(INT($R43),$B$34:$O$45,7)+(HLOOKUP(INT($R43)+1,$B$34:$O$45,7)-HLOOKUP(INT($R43),$B$34:$O$45,7))*($R43-INT($R43)) -> 1.143 | X43: =HLOOKUP(INT($R43),$B$34:$O$45,8)+(HLOOKUP(INT($R43)+1,$B$34:$O$45,8)-HLOOKUP(INT($R43),$B$34:$O$45,8))*($R43-INT($R43)) -> 1.405 | Y43: =HLOOKUP(INT($R43),$B$34:$O$45,9)+(HLOOKUP(INT($R43)+1,$B$34:$O$45,9)-HLOOKUP(INT($R43),$B$34:$O$45,9))*($R43-INT($R43)) -> 1.643 | Z43: =HLOOKUP(INT($R43),$B$34:$O$45,10)+(HLOOKUP(INT($R43)+1,$B$34:$O$45,10)-HLOOKUP(INT($R43),$B$34:$O$45,10))*($R43-INT($R43)) -> 2.167 | AB43: 9구간 | AC43: =AC29 -> 0 | AD43: =HLOOKUP(INT($AC43),$B$34:$O$45,3)+(HLOOKUP(INT($AC43)+1,$B$34:$O$45,3)-HLOOKUP(INT($AC43),$B$34:$O$45,3))*($AC43-INT($AC43)) -> 0.619 | AE43: =HLOOKUP(INT($AC43),$B$34:$O$45,4)+(HLOOKUP(INT($AC43)+1,$B$34:$O$45,4)-HLOOKUP(INT($AC43),$B$34:$O$45,4))*($AC43-INT($AC43)) -> 0.786 | AF43: =HLOOKUP(INT($AC43),$B$34:$O$45,5)+(HLOOKUP(INT($AC43)+1,$B$34:$O$45,5)-HLOOKUP(INT($AC43),$B$34:$O$45,5))*($AC43-INT($AC43)) -> 0.833 | AG43: =HLOOKUP(INT($AC43),$B$34:$O$45,6)+(HLOOKUP(INT($AC43)+1,$B$34:$O$45,6)-HLOOKUP(INT($AC43),$B$34:$O$45,6))*($AC43-INT($AC43)) -> 1 | AH43: =HLOOKUP(INT($AC43),$B$34:$O$45,7)+(HLOOKUP(INT($AC43)+1,$B$34:$O$45,7)-HLOOKUP(INT($AC43),$B$34:$O$45,7))*($AC43-INT($AC43)) -> 1.143 | AI43: =HLOOKUP(INT($AC43),$B$34:$O$45,8)+(HLOOKUP(INT($AC43)+1,$B$34:$O$45,8)-HLOOKUP(INT($AC43),$B$34:$O$45,8))*($AC43-INT($AC43)) -> 1.405 | AJ43: =HLOOKUP(INT($AC43),$B$34:$O$45,9)+(HLOOKUP(INT($AC43)+1,$B$34:$O$45,9)-HLOOKUP(INT($AC43),$B$34:$O$45,9))*($AC43-INT($AC43)) -> 1.643 | AK43: =HLOOKUP(INT($AC43),$B$34:$O$45,10)+(HLOOKUP(INT($AC43)+1,$B$34:$O$45,10)-HLOOKUP(INT($AC43),$B$34:$O$45,10))*($AC43-INT($AC43)) -> 2.167
A44: 90 | B44: =C44 -> 1.357 | C44: 1.357 | D44: =(C44+E44)/2 -> 1.476 | E44: 1.595 | F44: =(E44+G44)/2 -> 1.7855 | G44: 1.976 | H44: =(G44+I44)/2 -> 2.333 | I44: 2.69 | J44: =(I44+K44)/2 -> 3.083 | K44: 3.476 | L44: =(K44+M44)/2 -> 3.8095 | M44: 4.143 | N44: =(M44+O44)/2 -> 4.5 | O44: 4.857 | Q44: 10구간 | R44: =R30 -> 0 | S44: =HLOOKUP(INT($R44),$B$34:$O$45,3)+(HLOOKUP(INT($R44)+1,$B$34:$O$45,3)-HLOOKUP(INT($R44),$B$34:$O$45,3))*($R44-INT($R44)) -> 0.619 | T44: =HLOOKUP(INT($R44),$B$34:$O$45,4)+(HLOOKUP(INT($R44)+1,$B$34:$O$45,4)-HLOOKUP(INT($R44),$B$34:$O$45,4))*($R44-INT($R44)) -> 0.786 | U44: =HLOOKUP(INT($R44),$B$34:$O$45,5)+(HLOOKUP(INT($R44)+1,$B$34:$O$45,5)-HLOOKUP(INT($R44),$B$34:$O$45,5))*($R44-INT($R44)) -> 0.833 | V44: =HLOOKUP(INT($R44),$B$34:$O$45,6)+(HLOOKUP(INT($R44)+1,$B$34:$O$45,6)-HLOOKUP(INT($R44),$B$34:$O$45,6))*($R44-INT($R44)) -> 1 | W44: =HLOOKUP(INT($R44),$B$34:$O$45,7)+(HLOOKUP(INT($R44)+1,$B$34:$O$45,7)-HLOOKUP(INT($R44),$B$34:$O$45,7))*($R44-INT($R44)) -> 1.143 | X44: =HLOOKUP(INT($R44),$B$34:$O$45,8)+(HLOOKUP(INT($R44)+1,$B$34:$O$45,8)-HLOOKUP(INT($R44),$B$34:$O$45,8))*($R44-INT($R44)) -> 1.405 | Y44: =HLOOKUP(INT($R44),$B$34:$O$45,9)+(HLOOKUP(INT($R44)+1,$B$34:$O$45,9)-HLOOKUP(INT($R44),$B$34:$O$45,9))*($R44-INT($R44)) -> 1.643 | Z44: =HLOOKUP(INT($R44),$B$34:$O$45,10)+(HLOOKUP(INT($R44)+1,$B$34:$O$45,10)-HLOOKUP(INT($R44),$B$34:$O$45,10))*($R44-INT($R44)) -> 2.167 | AB44: 10구간 | AC44: =AC30 -> 0 | AD44: =HLOOKUP(INT($AC44),$B$34:$O$45,3)+(HLOOKUP(INT($AC44)+1,$B$34:$O$45,3)-HLOOKUP(INT($AC44),$B$34:$O$45,3))*($AC44-INT($AC44)) -> 0.619 | AE44: =HLOOKUP(INT($AC44),$B$34:$O$45,4)+(HLOOKUP(INT($AC44)+1,$B$34:$O$45,4)-HLOOKUP(INT($AC44),$B$34:$O$45,4))*($AC44-INT($AC44)) -> 0.786 | AF44: =HLOOKUP(INT($AC44),$B$34:$O$45,5)+(HLOOKUP(INT($AC44)+1,$B$34:$O$45,5)-HLOOKUP(INT($AC44),$B$34:$O$45,5))*($AC44-INT($AC44)) -> 0.833 | AG44: =HLOOKUP(INT($AC44),$B$34:$O$45,6)+(HLOOKUP(INT($AC44)+1,$B$34:$O$45,6)-HLOOKUP(INT($AC44),$B$34:$O$45,6))*($AC44-INT($AC44)) -> 1 | AH44: =HLOOKUP(INT($AC44),$B$34:$O$45,7)+(HLOOKUP(INT($AC44)+1,$B$34:$O$45,7)-HLOOKUP(INT($AC44),$B$34:$O$45,7))*($AC44-INT($AC44)) -> 1.143 | AI44: =HLOOKUP(INT($AC44),$B$34:$O$45,8)+(HLOOKUP(INT($AC44)+1,$B$34:$O$45,8)-HLOOKUP(INT($AC44),$B$34:$O$45,8))*($AC44-INT($AC44)) -> 1.405 | AJ44: =HLOOKUP(INT($AC44),$B$34:$O$45,9)+(HLOOKUP(INT($AC44)+1,$B$34:$O$45,9)-HLOOKUP(INT($AC44),$B$34:$O$45,9))*($AC44-INT($AC44)) -> 1.643 | AK44: =HLOOKUP(INT($AC44),$B$34:$O$45,10)+(HLOOKUP(INT($AC44)+1,$B$34:$O$45,10)-HLOOKUP(INT($AC44),$B$34:$O$45,10))*($AC44-INT($AC44)) -> 2.167
A45: 100 | B45: =C45 -> 1.833 | C45: 1.833 | D45: =(C45+E45)/2 -> 2 | E45: 2.167 | F45: =(E45+G45)/2 -> 2.393 | G45: 2.619 | H45: =(G45+I45)/2 -> 2.893 | I45: 3.167 | J45: =(I45+K45)/2 -> 3.548 | K45: 3.929 | L45: =(K45+M45)/2 -> 4.3215 | M45: 4.714 | N45: =(M45+O45)/2 -> 5.0595 | O45: 5.405
A46: (4) 대형버스,중형트럭,대형트럭,특수트럭 / 경유
C47: 경사도(%) | Q47: (1.1-4) 대형버스,중형트럭,대형트럭,특수트럭 / 경유 | AB47: (1.2-4) 대형버스,중형트럭,대형트럭,특수트럭 / 경유 | AM47: 검증
A48: 차속 | B48: -100 | C48: -6 | D48: =(C48+E48)/2 -> -5 | E48: -4 | F48: =(E48+G48)/2 -> -3 | G48: -2 | H48: =(G48+I48)/2 -> -1 | I48: 0 | J48: =(I48+K48)/2 -> 1 | K48: 2 | L48: =(K48+M48)/2 -> 3 | M48: 4 | N48: =(M48+O48)/2 -> 5 | O48: 6 | Q48: 구간 | R48: 경사도(%) | S48: 10 | T48: 20 | U48: 30 | V48: 40 | W48: 50 | X48: 60 | Y48: 70 | Z48: 80 | AB48: 구간 | AC48: 경사도(%) | AD48: 10 | AE48: 20 | AF48: 30 | AG48: 40 | AH48: 50 | AI48: 60 | AJ48: 70 | AK48: 80 | AM48: 구분 | AN48: 10 | AO48: 20 | AP48: 30 | AQ48: 40 | AR48: 50 | AS48: 60 | AT48: 70 | AU48: 80
A49: 0 | B49: =C49 -> 0.225 | C49: 0.225 | D49: =(C49+E49)/2 -> 0.184 | E49: 0.143 | F49: =(E49+G49)/2 -> 0.143 | G49: 0.143 | H49: =(G49+I49)/2 -> 0.143 | I49: 0.143 | J49: =(I49+K49)/2 -> 0.143 | K49: 0.143 | L49: =(K49+M49)/2 -> 0.143 | M49: 0.143 | N49: =(M49+O49)/2 -> 0.143 | O49: 0.143 | Q49: 1구간 | R49: =R35 -> 0 | S49: =HLOOKUP(INT($R49),$B$48:$O$59,3)+(HLOOKUP(INT($R49)+1,$B$48:$O$59,3)-HLOOKUP(INT($R49),$B$48:$O$59,3))*($R49-INT($R49)) -> 0.619 | T49: =HLOOKUP(INT($R49),$B$48:$O$59,4)+(HLOOKUP(INT($R49)+1,$B$48:$O$59,4)-HLOOKUP(INT($R49),$B$48:$O$59,4))*($R49-INT($R49)) -> 0.786 | U49: =HLOOKUP(INT($R49),$B$48:$O$59,5)+(HLOOKUP(INT($R49)+1,$B$48:$O$59,5)-HLOOKUP(INT($R49),$B$48:$O$59,5))*($R49-INT($R49)) -> 0.833 | V49: =HLOOKUP(INT($R49),$B$48:$O$59,6)+(HLOOKUP(INT($R49)+1,$B$48:$O$59,6)-HLOOKUP(INT($R49),$B$48:$O$59,6))*($R49-INT($R49)) -> 1 | W49: =HLOOKUP(INT($R49),$B$48:$O$59,7)+(HLOOKUP(INT($R49)+1,$B$48:$O$59,7)-HLOOKUP(INT($R49),$B$48:$O$59,7))*($R49-INT($R49)) -> 1.143 | X49: =HLOOKUP(INT($R49),$B$48:$O$59,8)+(HLOOKUP(INT($R49)+1,$B$48:$O$59,8)-HLOOKUP(INT($R49),$B$48:$O$59,8))*($R49-INT($R49)) -> 1.405 | Y49: =HLOOKUP(INT($R49),$B$48:$O$59,9)+(HLOOKUP(INT($R49)+1,$B$48:$O$59,9)-HLOOKUP(INT($R49),$B$48:$O$59,9))*($R49-INT($R49)) -> 1.643 | Z49: =HLOOKUP(INT($R49),$B$48:$O$59,10)+(HLOOKUP(INT($R49)+1,$B$48:$O$59,10)-HLOOKUP(INT($R49),$B$48:$O$59,10))*($R49-INT($R49)) -> 2.167 | AB49: 1구간 | AC49: =AC35 -> 1.784 | AD49: =HLOOKUP(INT($AC49),$B$48:$O$59,3)+(HLOOKUP(INT($AC49)+1,$B$48:$O$59,3)-HLOOKUP(INT($AC49),$B$48:$O$59,3))*($AC49-INT($AC49)) -> 0.682332 | AE49: =HLOOKUP(INT($AC49),$B$48:$O$59,4)+(HLOOKUP(INT($AC49)+1,$B$48:$O$59,4)-HLOOKUP(INT($AC49),$B$48:$O$59,4))*($AC49-INT($AC49)) -> 0.892148 | AF49: =HLOOKUP(INT($AC49),$B$48:$O$59,5)+(HLOOKUP(INT($AC49)+1,$B$48:$O$59,5)-HLOOKUP(INT($AC49),$B$48:$O$59,5))*($AC49-INT($AC49)) -> 1.088112 | AG49: =HLOOKUP(INT($AC49),$B$48:$O$59,6)+(HLOOKUP(INT($AC49)+1,$B$48:$O$59,6)-HLOOKUP(INT($AC49),$B$48:$O$59,6))*($AC49-INT($AC49)) -> 1.255112 | AH49: =HLOOKUP(INT($AC49),$B$48:$O$59,7)+(HLOOKUP(INT($AC49)+1,$B$48:$O$59,7)-HLOOKUP(INT($AC49),$B$48:$O$59,7))*($AC49-INT($AC49)) -> 1.418628 | AI49: =HLOOKUP(INT($AC49),$B$48:$O$59,8)+(HLOOKUP(INT($AC49)+1,$B$48:$O$59,8)-HLOOKUP(INT($AC49),$B$48:$O$59,8))*($AC49-INT($AC49)) -> 1.680628 | AJ49: =HLOOKUP(INT($AC49),$B$48:$O$59,9)+(HLOOKUP(INT($AC49)+1,$B$48:$O$59,9)-HLOOKUP(INT($AC49),$B$48:$O$59,9))*($AC49-INT($AC49)) -> 2.25848 | AK49: =HLOOKUP(INT($AC49),$B$48:$O$59,10)+(HLOOKUP(INT($AC49)+1,$B$48:$O$59,10)-HLOOKUP(INT($AC49),$B$48:$O$59,10))*($AC49-INT($AC49)) -> 2.846704 | AM49: 경사도(%) | AN49: =R58 -> 0 | AO49: =AN49 -> 0 | AP49: =AO49 -> 0 | AQ49: =AP49 -> 0 | AR49: =AQ49 -> 0 | AS49: =AR49 -> 0 | AT49: =AS49 -> 0 | AU49: =AT49 -> 0
A50: 10 | B50: =C50 -> 0.538 | C50: 0.538 | D50: =(C50+E50)/2 -> 0.507 | E50: 0.476 | F50: =(E50+G50)/2 -> 0.5 | G50: 0.524 | H50: =(G50+I50)/2 -> 0.5715 | I50: 0.619 | J50: =(I50+K50)/2 -> 0.6545 | K50: 0.69 | L50: =(K50+M50)/2 -> 0.738 | M50: 0.786 | N50: =(M50+O50)/2 -> 0.8215 | O50: 0.857 | Q50: 2구간 | R50: =R36 -> 0 | S50: =HLOOKUP(INT($R50),$B$48:$O$59,3)+(HLOOKUP(INT($R50)+1,$B$48:$O$59,3)-HLOOKUP(INT($R50),$B$48:$O$59,3))*($R50-INT($R50)) -> 0.619 | T50: =HLOOKUP(INT($R50),$B$48:$O$59,4)+(HLOOKUP(INT($R50)+1,$B$48:$O$59,4)-HLOOKUP(INT($R50),$B$48:$O$59,4))*($R50-INT($R50)) -> 0.786 | U50: =HLOOKUP(INT($R50),$B$48:$O$59,5)+(HLOOKUP(INT($R50)+1,$B$48:$O$59,5)-HLOOKUP(INT($R50),$B$48:$O$59,5))*($R50-INT($R50)) -> 0.833 | V50: =HLOOKUP(INT($R50),$B$48:$O$59,6)+(HLOOKUP(INT($R50)+1,$B$48:$O$59,6)-HLOOKUP(INT($R50),$B$48:$O$59,6))*($R50-INT($R50)) -> 1 | W50: =HLOOKUP(INT($R50),$B$48:$O$59,7)+(HLOOKUP(INT($R50)+1,$B$48:$O$59,7)-HLOOKUP(INT($R50),$B$48:$O$59,7))*($R50-INT($R50)) -> 1.143 | X50: =HLOOKUP(INT($R50),$B$48:$O$59,8)+(HLOOKUP(INT($R50)+1,$B$48:$O$59,8)-HLOOKUP(INT($R50),$B$48:$O$59,8))*($R50-INT($R50)) -> 1.405 | Y50: =HLOOKUP(INT($R50),$B$48:$O$59,9)+(HLOOKUP(INT($R50)+1,$B$48:$O$59,9)-HLOOKUP(INT($R50),$B$48:$O$59,9))*($R50-INT($R50)) -> 1.643 | Z50: =HLOOKUP(INT($R50),$B$48:$O$59,10)+(HLOOKUP(INT($R50)+1,$B$48:$O$59,10)-HLOOKUP(INT($R50),$B$48:$O$59,10))*($R50-INT($R50)) -> 2.167 | AB50: 2구간 | AC50: =AC36 -> 0 | AD50: =HLOOKUP(INT($AC50),$B$48:$O$59,3)+(HLOOKUP(INT($AC50)+1,$B$48:$O$59,3)-HLOOKUP(INT($AC50),$B$48:$O$59,3))*($AC50-INT($AC50)) -> 0.619 | AE50: =HLOOKUP(INT($AC50),$B$48:$O$59,4)+(HLOOKUP(INT($AC50)+1,$B$48:$O$59,4)-HLOOKUP(INT($AC50),$B$48:$O$59,4))*($AC50-INT($AC50)) -> 0.786 | AF50: =HLOOKUP(INT($AC50),$B$48:$O$59,5)+(HLOOKUP(INT($AC50)+1,$B$48:$O$59,5)-HLOOKUP(INT($AC50),$B$48:$O$59,5))*($AC50-INT($AC50)) -> 0.833 | AG50: =HLOOKUP(INT($AC50),$B$48:$O$59,6)+(HLOOKUP(INT($AC50)+1,$B$48:$O$59,6)-HLOOKUP(INT($AC50),$B$48:$O$59,6))*($AC50-INT($AC50)) -> 1 | AH50: =HLOOKUP(INT($AC50),$B$48:$O$59,7)+(HLOOKUP(INT($AC50)+1,$B$48:$O$59,7)-HLOOKUP(INT($AC50),$B$48:$O$59,7))*($AC50-INT($AC50)) -> 1.143 | AI50: =HLOOKUP(INT($AC50),$B$48:$O$59,8)+(HLOOKUP(INT($AC50)+1,$B$48:$O$59,8)-HLOOKUP(INT($AC50),$B$48:$O$59,8))*($AC50-INT($AC50)) -> 1.405 | AJ50: =HLOOKUP(INT($AC50),$B$48:$O$59,9)+(HLOOKUP(INT($AC50)+1,$B$48:$O$59,9)-HLOOKUP(INT($AC50),$B$48:$O$59,9))*($AC50-INT($AC50)) -> 1.643 | AK50: =HLOOKUP(INT($AC50),$B$48:$O$59,10)+(HLOOKUP(INT($AC50)+1,$B$48:$O$59,10)-HLOOKUP(INT($AC50),$B$48:$O$59,10))*($AC50-INT($AC50)) -> 2.167 | AM50: 보정계수 | AN50: =AN53+(AN55-AN53)*(AN49-AN52) -> 0.619 | AO50: =AO53+(AO55-AO53)*(AO49-AO52) -> 0.786 | AP50: =AP53+(AP55-AP53)*(AP49-AP52) -> 0.833 | AQ50: =AQ53+(AQ55-AQ53)*(AQ49-AQ52) -> 1 | AR50: =AR53+(AR55-AR53)*(AR49-AR52) -> 1.143 | AS50: =AS53+(AS55-AS53)*(AS49-AS52) -> 1.405 | AT50: =AT53+(AT55-AT53)*(AT49-AT52) -> 1.643 | AU50: =AU53+(AU55-AU53)*(AU49-AU52) -> 2.167
A51: 20 | B51: =C51 -> 0.463 | C51: 0.463 | D51: =(C51+E51)/2 -> 0.5055 | E51: 0.548 | F51: =(E51+G51)/2 -> 0.6075 | G51: 0.667 | H51: =(G51+I51)/2 -> 0.7265 | I51: 0.786 | J51: =(I51+K51)/2 -> 0.8455 | K51: 0.905 | L51: =(K51+M51)/2 -> 1 | M51: 1.095 | N51: =(M51+O51)/2 -> 1.2025 | O51: 1.31 | Q51: 3구간 | R51: =R37 -> 0 | S51: =HLOOKUP(INT($R51),$B$48:$O$59,3)+(HLOOKUP(INT($R51)+1,$B$48:$O$59,3)-HLOOKUP(INT($R51),$B$48:$O$59,3))*($R51-INT($R51)) -> 0.619 | T51: =HLOOKUP(INT($R51),$B$48:$O$59,4)+(HLOOKUP(INT($R51)+1,$B$48:$O$59,4)-HLOOKUP(INT($R51),$B$48:$O$59,4))*($R51-INT($R51)) -> 0.786 | U51: =HLOOKUP(INT($R51),$B$48:$O$59,5)+(HLOOKUP(INT($R51)+1,$B$48:$O$59,5)-HLOOKUP(INT($R51),$B$48:$O$59,5))*($R51-INT($R51)) -> 0.833 | V51: =HLOOKUP(INT($R51),$B$48:$O$59,6)+(HLOOKUP(INT($R51)+1,$B$48:$O$59,6)-HLOOKUP(INT($R51),$B$48:$O$59,6))*($R51-INT($R51)) -> 1 | W51: =HLOOKUP(INT($R51),$B$48:$O$59,7)+(HLOOKUP(INT($R51)+1,$B$48:$O$59,7)-HLOOKUP(INT($R51),$B$48:$O$59,7))*($R51-INT($R51)) -> 1.143 | X51: =HLOOKUP(INT($R51),$B$48:$O$59,8)+(HLOOKUP(INT($R51)+1,$B$48:$O$59,8)-HLOOKUP(INT($R51),$B$48:$O$59,8))*($R51-INT($R51)) -> 1.405 | Y51: =HLOOKUP(INT($R51),$B$48:$O$59,9)+(HLOOKUP(INT($R51)+1,$B$48:$O$59,9)-HLOOKUP(INT($R51),$B$48:$O$59,9))*($R51-INT($R51)) -> 1.643 | Z51: =HLOOKUP(INT($R51),$B$48:$O$59,10)+(HLOOKUP(INT($R51)+1,$B$48:$O$59,10)-HLOOKUP(INT($R51),$B$48:$O$59,10))*($R51-INT($R51)) -> 2.167 | AB51: 3구간 | AC51: =AC37 -> 0 | AD51: =HLOOKUP(INT($AC51),$B$48:$O$59,3)+(HLOOKUP(INT($AC51)+1,$B$48:$O$59,3)-HLOOKUP(INT($AC51),$B$48:$O$59,3))*($AC51-INT($AC51)) -> 0.619 | AE51: =HLOOKUP(INT($AC51),$B$48:$O$59,4)+(HLOOKUP(INT($AC51)+1,$B$48:$O$59,4)-HLOOKUP(INT($AC51),$B$48:$O$59,4))*($AC51-INT($AC51)) -> 0.786 | AF51: =HLOOKUP(INT($AC51),$B$48:$O$59,5)+(HLOOKUP(INT($AC51)+1,$B$48:$O$59,5)-HLOOKUP(INT($AC51),$B$48:$O$59,5))*($AC51-INT($AC51)) -> 0.833 | AG51: =HLOOKUP(INT($AC51),$B$48:$O$59,6)+(HLOOKUP(INT($AC51)+1,$B$48:$O$59,6)-HLOOKUP(INT($AC51),$B$48:$O$59,6))*($AC51-INT($AC51)) -> 1 | AH51: =HLOOKUP(INT($AC51),$B$48:$O$59,7)+(HLOOKUP(INT($AC51)+1,$B$48:$O$59,7)-HLOOKUP(INT($AC51),$B$48:$O$59,7))*($AC51-INT($AC51)) -> 1.143 | AI51: =HLOOKUP(INT($AC51),$B$48:$O$59,8)+(HLOOKUP(INT($AC51)+1,$B$48:$O$59,8)-HLOOKUP(INT($AC51),$B$48:$O$59,8))*($AC51-INT($AC51)) -> 1.405 | AJ51: =HLOOKUP(INT($AC51),$B$48:$O$59,9)+(HLOOKUP(INT($AC51)+1,$B$48:$O$59,9)-HLOOKUP(INT($AC51),$B$48:$O$59,9))*($AC51-INT($AC51)) -> 1.643 | AK51: =HLOOKUP(INT($AC51),$B$48:$O$59,10)+(HLOOKUP(INT($AC51)+1,$B$48:$O$59,10)-HLOOKUP(INT($AC51),$B$48:$O$59,10))*($AC51-INT($AC51)) -> 2.167
A52: 30 | B52: =C52 -> 0.438 | C52: 0.438 | D52: =(C52+E52)/2 -> 0.493 | E52: 0.548 | F52: =(E52+G52)/2 -> 0.619 | G52: 0.69 | H52: =(G52+I52)/2 -> 0.7615 | I52: 0.833 | J52: =(I52+K52)/2 -> 0.976 | K52: 1.119 | L52: =(K52+M52)/2 -> 1.262 | M52: 1.405 | N52: =(M52+O52)/2 -> 1.536 | O52: 1.667 | Q52: 4구간 | R52: =R38 -> 0 | S52: =HLOOKUP(INT($R52),$B$48:$O$59,3)+(HLOOKUP(INT($R52)+1,$B$48:$O$59,3)-HLOOKUP(INT($R52),$B$48:$O$59,3))*($R52-INT($R52)) -> 0.619 | T52: =HLOOKUP(INT($R52),$B$48:$O$59,4)+(HLOOKUP(INT($R52)+1,$B$48:$O$59,4)-HLOOKUP(INT($R52),$B$48:$O$59,4))*($R52-INT($R52)) -> 0.786 | U52: =HLOOKUP(INT($R52),$B$48:$O$59,5)+(HLOOKUP(INT($R52)+1,$B$48:$O$59,5)-HLOOKUP(INT($R52),$B$48:$O$59,5))*($R52-INT($R52)) -> 0.833 | V52: =HLOOKUP(INT($R52),$B$48:$O$59,6)+(HLOOKUP(INT($R52)+1,$B$48:$O$59,6)-HLOOKUP(INT($R52),$B$48:$O$59,6))*($R52-INT($R52)) -> 1 | W52: =HLOOKUP(INT($R52),$B$48:$O$59,7)+(HLOOKUP(INT($R52)+1,$B$48:$O$59,7)-HLOOKUP(INT($R52),$B$48:$O$59,7))*($R52-INT($R52)) -> 1.143 | X52: =HLOOKUP(INT($R52),$B$48:$O$59,8)+(HLOOKUP(INT($R52)+1,$B$48:$O$59,8)-HLOOKUP(INT($R52),$B$48:$O$59,8))*($R52-INT($R52)) -> 1.405 | Y52: =HLOOKUP(INT($R52),$B$48:$O$59,9)+(HLOOKUP(INT($R52)+1,$B$48:$O$59,9)-HLOOKUP(INT($R52),$B$48:$O$59,9))*($R52-INT($R52)) -> 1.643 | Z52: =HLOOKUP(INT($R52),$B$48:$O$59,10)+(HLOOKUP(INT($R52)+1,$B$48:$O$59,10)-HLOOKUP(INT($R52),$B$48:$O$59,10))*($R52-INT($R52)) -> 2.167 | AB52: 4구간 | AC52: =AC38 -> 0 | AD52: =HLOOKUP(INT($AC52),$B$48:$O$59,3)+(HLOOKUP(INT($AC52)+1,$B$48:$O$59,3)-HLOOKUP(INT($AC52),$B$48:$O$59,3))*($AC52-INT($AC52)) -> 0.619 | AE52: =HLOOKUP(INT($AC52),$B$48:$O$59,4)+(HLOOKUP(INT($AC52)+1,$B$48:$O$59,4)-HLOOKUP(INT($AC52),$B$48:$O$59,4))*($AC52-INT($AC52)) -> 0.786 | AF52: =HLOOKUP(INT($AC52),$B$48:$O$59,5)+(HLOOKUP(INT($AC52)+1,$B$48:$O$59,5)-HLOOKUP(INT($AC52),$B$48:$O$59,5))*($AC52-INT($AC52)) -> 0.833 | AG52: =HLOOKUP(INT($AC52),$B$48:$O$59,6)+(HLOOKUP(INT($AC52)+1,$B$48:$O$59,6)-HLOOKUP(INT($AC52),$B$48:$O$59,6))*($AC52-INT($AC52)) -> 1 | AH52: =HLOOKUP(INT($AC52),$B$48:$O$59,7)+(HLOOKUP(INT($AC52)+1,$B$48:$O$59,7)-HLOOKUP(INT($AC52),$B$48:$O$59,7))*($AC52-INT($AC52)) -> 1.143 | AI52: =HLOOKUP(INT($AC52),$B$48:$O$59,8)+(HLOOKUP(INT($AC52)+1,$B$48:$O$59,8)-HLOOKUP(INT($AC52),$B$48:$O$59,8))*($AC52-INT($AC52)) -> 1.405 | AJ52: =HLOOKUP(INT($AC52),$B$48:$O$59,9)+(HLOOKUP(INT($AC52)+1,$B$48:$O$59,9)-HLOOKUP(INT($AC52),$B$48:$O$59,9))*($AC52-INT($AC52)) -> 1.643 | AK52: =HLOOKUP(INT($AC52),$B$48:$O$59,10)+(HLOOKUP(INT($AC52)+1,$B$48:$O$59,10)-HLOOKUP(INT($AC52),$B$48:$O$59,10))*($AC52-INT($AC52)) -> 2.167 | AM52: 참고조건1 | AN52: =INT(AN49) -> 0 | AO52: =INT(AO49) -> 0 | AP52: =INT(AP49) -> 0 | AQ52: =INT(AQ49) -> 0 | AR52: =INT(AR49) -> 0 | AS52: =INT(AS49) -> 0 | AT52: =INT(AT49) -> 0 | AU52: =INT(AU49) -> 0
A53: 40 | B53: =C53 -> 0.413 | C53: 0.413 | D53: =(C53+E53)/2 -> 0.54 | E53: 0.667 | F53: =(E53+G53)/2 -> 0.7265 | G53: 0.786 | H53: =(G53+I53)/2 -> 0.893 | I53: 1 | J53: =(I53+K53)/2 -> 1.143 | K53: 1.286 | L53: =(K53+M53)/2 -> 1.5 | M53: 1.714 | N53: =(M53+O53)/2 -> 1.869 | O53: 2.024 | Q53: 5구간 | R53: =R39 -> 0 | S53: =HLOOKUP(INT($R53),$B$48:$O$59,3)+(HLOOKUP(INT($R53)+1,$B$48:$O$59,3)-HLOOKUP(INT($R53),$B$48:$O$59,3))*($R53-INT($R53)) -> 0.619 | T53: =HLOOKUP(INT($R53),$B$48:$O$59,4)+(HLOOKUP(INT($R53)+1,$B$48:$O$59,4)-HLOOKUP(INT($R53),$B$48:$O$59,4))*($R53-INT($R53)) -> 0.786 | U53: =HLOOKUP(INT($R53),$B$48:$O$59,5)+(HLOOKUP(INT($R53)+1,$B$48:$O$59,5)-HLOOKUP(INT($R53),$B$48:$O$59,5))*($R53-INT($R53)) -> 0.833 | V53: =HLOOKUP(INT($R53),$B$48:$O$59,6)+(HLOOKUP(INT($R53)+1,$B$48:$O$59,6)-HLOOKUP(INT($R53),$B$48:$O$59,6))*($R53-INT($R53)) -> 1 | W53: =HLOOKUP(INT($R53),$B$48:$O$59,7)+(HLOOKUP(INT($R53)+1,$B$48:$O$59,7)-HLOOKUP(INT($R53),$B$48:$O$59,7))*($R53-INT($R53)) -> 1.143 | X53: =HLOOKUP(INT($R53),$B$48:$O$59,8)+(HLOOKUP(INT($R53)+1,$B$48:$O$59,8)-HLOOKUP(INT($R53),$B$48:$O$59,8))*($R53-INT($R53)) -> 1.405 | Y53: =HLOOKUP(INT($R53),$B$48:$O$59,9)+(HLOOKUP(INT($R53)+1,$B$48:$O$59,9)-HLOOKUP(INT($R53),$B$48:$O$59,9))*($R53-INT($R53)) -> 1.643 | Z53: =HLOOKUP(INT($R53),$B$48:$O$59,10)+(HLOOKUP(INT($R53)+1,$B$48:$O$59,10)-HLOOKUP(INT($R53),$B$48:$O$59,10))*($R53-INT($R53)) -> 2.167 | AB53: 5구간 | AC53: =AC39 -> 0 | AD53: =HLOOKUP(INT($AC53),$B$48:$O$59,3)+(HLOOKUP(INT($AC53)+1,$B$48:$O$59,3)-HLOOKUP(INT($AC53),$B$48:$O$59,3))*($AC53-INT($AC53)) -> 0.619 | AE53: =HLOOKUP(INT($AC53),$B$48:$O$59,4)+(HLOOKUP(INT($AC53)+1,$B$48:$O$59,4)-HLOOKUP(INT($AC53),$B$48:$O$59,4))*($AC53-INT($AC53)) -> 0.786 | AF53: =HLOOKUP(INT($AC53),$B$48:$O$59,5)+(HLOOKUP(INT($AC53)+1,$B$48:$O$59,5)-HLOOKUP(INT($AC53),$B$48:$O$59,5))*($AC53-INT($AC53)) -> 0.833 | AG53: =HLOOKUP(INT($AC53),$B$48:$O$59,6)+(HLOOKUP(INT($AC53)+1,$B$48:$O$59,6)-HLOOKUP(INT($AC53),$B$48:$O$59,6))*($AC53-INT($AC53)) -> 1 | AH53: =HLOOKUP(INT($AC53),$B$48:$O$59,7)+(HLOOKUP(INT($AC53)+1,$B$48:$O$59,7)-HLOOKUP(INT($AC53),$B$48:$O$59,7))*($AC53-INT($AC53)) -> 1.143 | AI53: =HLOOKUP(INT($AC53),$B$48:$O$59,8)+(HLOOKUP(INT($AC53)+1,$B$48:$O$59,8)-HLOOKUP(INT($AC53),$B$48:$O$59,8))*($AC53-INT($AC53)) -> 1.405 | AJ53: =HLOOKUP(INT($AC53),$B$48:$O$59,9)+(HLOOKUP(INT($AC53)+1,$B$48:$O$59,9)-HLOOKUP(INT($AC53),$B$48:$O$59,9))*($AC53-INT($AC53)) -> 1.643 | AK53: =HLOOKUP(INT($AC53),$B$48:$O$59,10)+(HLOOKUP(INT($AC53)+1,$B$48:$O$59,10)-HLOOKUP(INT($AC53),$B$48:$O$59,10))*($AC53-INT($AC53)) -> 2.167 | AM53: 참고값1 | AN53: =HLOOKUP(AN52,$B$48:$O$59,AN56) -> 0.619 | AO53: =HLOOKUP(AO52,$B$48:$O$59,AO56) -> 0.786 | AP53: =HLOOKUP(AP52,$B$48:$O$59,AP56) -> 0.833 | AQ53: =HLOOKUP(AQ52,$B$48:$O$59,AQ56) -> 1 | AR53: =HLOOKUP(AR52,$B$48:$O$59,AR56) -> 1.143 | AS53: =HLOOKUP(AS52,$B$48:$O$59,AS56) -> 1.405 | AT53: =HLOOKUP(AT52,$B$48:$O$59,AT56) -> 1.643 | AU53: =HLOOKUP(AU52,$B$48:$O$59,AU56) -> 2.167
A54: 50 | B54: =C54 -> 0.388 | C54: 0.388 | D54: =(C54+E54)/2 -> 0.5155 | E54: 0.643 | F54: =(E54+G54)/2 -> 0.762 | G54: 0.881 | H54: =(G54+I54)/2 -> 1.012 | I54: 1.143 | J54: =(I54+K54)/2 -> 1.2975 | K54: 1.452 | L54: =(K54+M54)/2 -> 1.7735 | M54: 2.095 | N54: =(M54+O54)/2 -> 2.1665 | O54: 2.238 | Q54: 6구간 | R54: =R40 -> 0 | S54: =HLOOKUP(INT($R54),$B$48:$O$59,3)+(HLOOKUP(INT($R54)+1,$B$48:$O$59,3)-HLOOKUP(INT($R54),$B$48:$O$59,3))*($R54-INT($R54)) -> 0.619 | T54: =HLOOKUP(INT($R54),$B$48:$O$59,4)+(HLOOKUP(INT($R54)+1,$B$48:$O$59,4)-HLOOKUP(INT($R54),$B$48:$O$59,4))*($R54-INT($R54)) -> 0.786 | U54: =HLOOKUP(INT($R54),$B$48:$O$59,5)+(HLOOKUP(INT($R54)+1,$B$48:$O$59,5)-HLOOKUP(INT($R54),$B$48:$O$59,5))*($R54-INT($R54)) -> 0.833 | V54: =HLOOKUP(INT($R54),$B$48:$O$59,6)+(HLOOKUP(INT($R54)+1,$B$48:$O$59,6)-HLOOKUP(INT($R54),$B$48:$O$59,6))*($R54-INT($R54)) -> 1 | W54: =HLOOKUP(INT($R54),$B$48:$O$59,7)+(HLOOKUP(INT($R54)+1,$B$48:$O$59,7)-HLOOKUP(INT($R54),$B$48:$O$59,7))*($R54-INT($R54)) -> 1.143 | X54: =HLOOKUP(INT($R54),$B$48:$O$59,8)+(HLOOKUP(INT($R54)+1,$B$48:$O$59,8)-HLOOKUP(INT($R54),$B$48:$O$59,8))*($R54-INT($R54)) -> 1.405 | Y54: =HLOOKUP(INT($R54),$B$48:$O$59,9)+(HLOOKUP(INT($R54)+1,$B$48:$O$59,9)-HLOOKUP(INT($R54),$B$48:$O$59,9))*($R54-INT($R54)) -> 1.643 | Z54: =HLOOKUP(INT($R54),$B$48:$O$59,10)+(HLOOKUP(INT($R54)+1,$B$48:$O$59,10)-HLOOKUP(INT($R54),$B$48:$O$59,10))*($R54-INT($R54)) -> 2.167 | AB54: 6구간 | AC54: =AC40 -> 0 | AD54: =HLOOKUP(INT($AC54),$B$48:$O$59,3)+(HLOOKUP(INT($AC54)+1,$B$48:$O$59,3)-HLOOKUP(INT($AC54),$B$48:$O$59,3))*($AC54-INT($AC54)) -> 0.619 | AE54: =HLOOKUP(INT($AC54),$B$48:$O$59,4)+(HLOOKUP(INT($AC54)+1,$B$48:$O$59,4)-HLOOKUP(INT($AC54),$B$48:$O$59,4))*($AC54-INT($AC54)) -> 0.786 | AF54: =HLOOKUP(INT($AC54),$B$48:$O$59,5)+(HLOOKUP(INT($AC54)+1,$B$48:$O$59,5)-HLOOKUP(INT($AC54),$B$48:$O$59,5))*($AC54-INT($AC54)) -> 0.833 | AG54: =HLOOKUP(INT($AC54),$B$48:$O$59,6)+(HLOOKUP(INT($AC54)+1,$B$48:$O$59,6)-HLOOKUP(INT($AC54),$B$48:$O$59,6))*($AC54-INT($AC54)) -> 1 | AH54: =HLOOKUP(INT($AC54),$B$48:$O$59,7)+(HLOOKUP(INT($AC54)+1,$B$48:$O$59,7)-HLOOKUP(INT($AC54),$B$48:$O$59,7))*($AC54-INT($AC54)) -> 1.143 | AI54: =HLOOKUP(INT($AC54),$B$48:$O$59,8)+(HLOOKUP(INT($AC54)+1,$B$48:$O$59,8)-HLOOKUP(INT($AC54),$B$48:$O$59,8))*($AC54-INT($AC54)) -> 1.405 | AJ54: =HLOOKUP(INT($AC54),$B$48:$O$59,9)+(HLOOKUP(INT($AC54)+1,$B$48:$O$59,9)-HLOOKUP(INT($AC54),$B$48:$O$59,9))*($AC54-INT($AC54)) -> 1.643 | AK54: =HLOOKUP(INT($AC54),$B$48:$O$59,10)+(HLOOKUP(INT($AC54)+1,$B$48:$O$59,10)-HLOOKUP(INT($AC54),$B$48:$O$59,10))*($AC54-INT($AC54)) -> 2.167 | AM54: 참고조건2 | AN54: =AN52+1 -> 1 | AO54: =AO52+1 -> 1 | AP54: =AP52+1 -> 1 | AQ54: =AQ52+1 -> 1 | AR54: =AR52+1 -> 1 | AS54: =AS52+1 -> 1 | AT54: =AT52+1 -> 1 | AU54: =AU52+1 -> 1
A55: 60 | B55: =C55 -> 0.388 | C55: 0.388 | D55: =(C55+E55)/2 -> 0.551 | E55: 0.714 | F55: =(E55+G55)/2 -> 0.857 | G55: 1 | H55: =(G55+I55)/2 -> 1.2025 | I55: 1.405 | J55: =(I55+K55)/2 -> 1.5595 | K55: 1.714 | L55: =(K55+M55)/2 -> 2.107 | M55: 2.5 | N55: =(M55+O55)/2 -> 2.6665 | O55: 2.833 | Q55: 7구간 | R55: =R41 -> 0 | S55: =HLOOKUP(INT($R55),$B$48:$O$59,3)+(HLOOKUP(INT($R55)+1,$B$48:$O$59,3)-HLOOKUP(INT($R55),$B$48:$O$59,3))*($R55-INT($R55)) -> 0.619 | T55: =HLOOKUP(INT($R55),$B$48:$O$59,4)+(HLOOKUP(INT($R55)+1,$B$48:$O$59,4)-HLOOKUP(INT($R55),$B$48:$O$59,4))*($R55-INT($R55)) -> 0.786 | U55: =HLOOKUP(INT($R55),$B$48:$O$59,5)+(HLOOKUP(INT($R55)+1,$B$48:$O$59,5)-HLOOKUP(INT($R55),$B$48:$O$59,5))*($R55-INT($R55)) -> 0.833 | V55: =HLOOKUP(INT($R55),$B$48:$O$59,6)+(HLOOKUP(INT($R55)+1,$B$48:$O$59,6)-HLOOKUP(INT($R55),$B$48:$O$59,6))*($R55-INT($R55)) -> 1 | W55: =HLOOKUP(INT($R55),$B$48:$O$59,7)+(HLOOKUP(INT($R55)+1,$B$48:$O$59,7)-HLOOKUP(INT($R55),$B$48:$O$59,7))*($R55-INT($R55)) -> 1.143 | X55: =HLOOKUP(INT($R55),$B$48:$O$59,8)+(HLOOKUP(INT($R55)+1,$B$48:$O$59,8)-HLOOKUP(INT($R55),$B$48:$O$59,8))*($R55-INT($R55)) -> 1.405 | Y55: =HLOOKUP(INT($R55),$B$48:$O$59,9)+(HLOOKUP(INT($R55)+1,$B$48:$O$59,9)-HLOOKUP(INT($R55),$B$48:$O$59,9))*($R55-INT($R55)) -> 1.643 | Z55: =HLOOKUP(INT($R55),$B$48:$O$59,10)+(HLOOKUP(INT($R55)+1,$B$48:$O$59,10)-HLOOKUP(INT($R55),$B$48:$O$59,10))*($R55-INT($R55)) -> 2.167 | AB55: 7구간 | AC55: =AC41 -> 0 | AD55: =HLOOKUP(INT($AC55),$B$48:$O$59,3)+(HLOOKUP(INT($AC55)+1,$B$48:$O$59,3)-HLOOKUP(INT($AC55),$B$48:$O$59,3))*($AC55-INT($AC55)) -> 0.619 | AE55: =HLOOKUP(INT($AC55),$B$48:$O$59,4)+(HLOOKUP(INT($AC55)+1,$B$48:$O$59,4)-HLOOKUP(INT($AC55),$B$48:$O$59,4))*($AC55-INT($AC55)) -> 0.786 | AF55: =HLOOKUP(INT($AC55),$B$48:$O$59,5)+(HLOOKUP(INT($AC55)+1,$B$48:$O$59,5)-HLOOKUP(INT($AC55),$B$48:$O$59,5))*($AC55-INT($AC55)) -> 0.833 | AG55: =HLOOKUP(INT($AC55),$B$48:$O$59,6)+(HLOOKUP(INT($AC55)+1,$B$48:$O$59,6)-HLOOKUP(INT($AC55),$B$48:$O$59,6))*($AC55-INT($AC55)) -> 1 | AH55: =HLOOKUP(INT($AC55),$B$48:$O$59,7)+(HLOOKUP(INT($AC55)+1,$B$48:$O$59,7)-HLOOKUP(INT($AC55),$B$48:$O$59,7))*($AC55-INT($AC55)) -> 1.143 | AI55: =HLOOKUP(INT($AC55),$B$48:$O$59,8)+(HLOOKUP(INT($AC55)+1,$B$48:$O$59,8)-HLOOKUP(INT($AC55),$B$48:$O$59,8))*($AC55-INT($AC55)) -> 1.405 | AJ55: =HLOOKUP(INT($AC55),$B$48:$O$59,9)+(HLOOKUP(INT($AC55)+1,$B$48:$O$59,9)-HLOOKUP(INT($AC55),$B$48:$O$59,9))*($AC55-INT($AC55)) -> 1.643 | AK55: =HLOOKUP(INT($AC55),$B$48:$O$59,10)+(HLOOKUP(INT($AC55)+1,$B$48:$O$59,10)-HLOOKUP(INT($AC55),$B$48:$O$59,10))*($AC55-INT($AC55)) -> 2.167 | AM55: 참고값2 | AN55: =HLOOKUP(AN54,$B$48:$O$59,AN56) -> 0.6545 | AO55: =HLOOKUP(AO54,$B$48:$O$59,AO56) -> 0.8455 | AP55: =HLOOKUP(AP54,$B$48:$O$59,AP56) -> 0.976 | AQ55: =HLOOKUP(AQ54,$B$48:$O$59,AQ56) -> 1.143 | AR55: =HLOOKUP(AR54,$B$48:$O$59,AR56) -> 1.2975 | AS55: =HLOOKUP(AS54,$B$48:$O$59,AS56) -> 1.5595 | AT55: =HLOOKUP(AT54,$B$48:$O$59,AT56) -> 1.988 | AU55: =HLOOKUP(AU54,$B$48:$O$59,AU56) -> 2.548
A56: 70 | B56: =C56 -> 0.595 | C56: 0.595 | D56: =(C56+E56)/2 -> 0.6905 | E56: 0.786 | F56: =(E56+G56)/2 -> 0.9405 | G56: 1.095 | H56: =(G56+I56)/2 -> 1.369 | I56: 1.643 | J56: =(I56+K56)/2 -> 1.988 | K56: 2.333 | L56: =(K56+M56)/2 -> 2.619 | M56: 2.905 | N56: =(M56+O56)/2 -> 3.155 | O56: 3.405 | Q56: 8구간 | R56: =R42 -> 0 | S56: =HLOOKUP(INT($R56),$B$48:$O$59,3)+(HLOOKUP(INT($R56)+1,$B$48:$O$59,3)-HLOOKUP(INT($R56),$B$48:$O$59,3))*($R56-INT($R56)) -> 0.619 | T56: =HLOOKUP(INT($R56),$B$48:$O$59,4)+(HLOOKUP(INT($R56)+1,$B$48:$O$59,4)-HLOOKUP(INT($R56),$B$48:$O$59,4))*($R56-INT($R56)) -> 0.786 | U56: =HLOOKUP(INT($R56),$B$48:$O$59,5)+(HLOOKUP(INT($R56)+1,$B$48:$O$59,5)-HLOOKUP(INT($R56),$B$48:$O$59,5))*($R56-INT($R56)) -> 0.833 | V56: =HLOOKUP(INT($R56),$B$48:$O$59,6)+(HLOOKUP(INT($R56)+1,$B$48:$O$59,6)-HLOOKUP(INT($R56),$B$48:$O$59,6))*($R56-INT($R56)) -> 1 | W56: =HLOOKUP(INT($R56),$B$48:$O$59,7)+(HLOOKUP(INT($R56)+1,$B$48:$O$59,7)-HLOOKUP(INT($R56),$B$48:$O$59,7))*($R56-INT($R56)) -> 1.143 | X56: =HLOOKUP(INT($R56),$B$48:$O$59,8)+(HLOOKUP(INT($R56)+1,$B$48:$O$59,8)-HLOOKUP(INT($R56),$B$48:$O$59,8))*($R56-INT($R56)) -> 1.405 | Y56: =HLOOKUP(INT($R56),$B$48:$O$59,9)+(HLOOKUP(INT($R56)+1,$B$48:$O$59,9)-HLOOKUP(INT($R56),$B$48:$O$59,9))*($R56-INT($R56)) -> 1.643 | Z56: =HLOOKUP(INT($R56),$B$48:$O$59,10)+(HLOOKUP(INT($R56)+1,$B$48:$O$59,10)-HLOOKUP(INT($R56),$B$48:$O$59,10))*($R56-INT($R56)) -> 2.167 | AB56: 8구간 | AC56: =AC42 -> 0 | AD56: =HLOOKUP(INT($AC56),$B$48:$O$59,3)+(HLOOKUP(INT($AC56)+1,$B$48:$O$59,3)-HLOOKUP(INT($AC56),$B$48:$O$59,3))*($AC56-INT($AC56)) -> 0.619 | AE56: =HLOOKUP(INT($AC56),$B$48:$O$59,4)+(HLOOKUP(INT($AC56)+1,$B$48:$O$59,4)-HLOOKUP(INT($AC56),$B$48:$O$59,4))*($AC56-INT($AC56)) -> 0.786 | AF56: =HLOOKUP(INT($AC56),$B$48:$O$59,5)+(HLOOKUP(INT($AC56)+1,$B$48:$O$59,5)-HLOOKUP(INT($AC56),$B$48:$O$59,5))*($AC56-INT($AC56)) -> 0.833 | AG56: =HLOOKUP(INT($AC56),$B$48:$O$59,6)+(HLOOKUP(INT($AC56)+1,$B$48:$O$59,6)-HLOOKUP(INT($AC56),$B$48:$O$59,6))*($AC56-INT($AC56)) -> 1 | AH56: =HLOOKUP(INT($AC56),$B$48:$O$59,7)+(HLOOKUP(INT($AC56)+1,$B$48:$O$59,7)-HLOOKUP(INT($AC56),$B$48:$O$59,7))*($AC56-INT($AC56)) -> 1.143 | AI56: =HLOOKUP(INT($AC56),$B$48:$O$59,8)+(HLOOKUP(INT($AC56)+1,$B$48:$O$59,8)-HLOOKUP(INT($AC56),$B$48:$O$59,8))*($AC56-INT($AC56)) -> 1.405 | AJ56: =HLOOKUP(INT($AC56),$B$48:$O$59,9)+(HLOOKUP(INT($AC56)+1,$B$48:$O$59,9)-HLOOKUP(INT($AC56),$B$48:$O$59,9))*($AC56-INT($AC56)) -> 1.643 | AK56: =HLOOKUP(INT($AC56),$B$48:$O$59,10)+(HLOOKUP(INT($AC56)+1,$B$48:$O$59,10)-HLOOKUP(INT($AC56),$B$48:$O$59,10))*($AC56-INT($AC56)) -> 2.167 | AN56: 3 | AO56: 4 | AP56: 5 | AQ56: 6 | AR56: 7 | AS56: 8 | AT56: 9 | AU56: 10
A57: 80 | B57: =C57 -> 0.929 | C57: 0.929 | D57: =(C57+E57)/2 -> 1.012 | E57: 1.095 | F57: =(E57+G57)/2 -> 1.3095 | G57: 1.524 | H57: =(G57+I57)/2 -> 1.8455 | I57: 2.167 | J57: =(I57+K57)/2 -> 2.548 | K57: 2.929 | L57: =(K57+M57)/2 -> 3.2265 | M57: 3.524 | N57: =(M57+O57)/2 -> 3.8215 | O57: 4.119 | Q57: 9구간 | R57: =R43 -> 0 | S57: =HLOOKUP(INT($R57),$B$48:$O$59,3)+(HLOOKUP(INT($R57)+1,$B$48:$O$59,3)-HLOOKUP(INT($R57),$B$48:$O$59,3))*($R57-INT($R57)) -> 0.619 | T57: =HLOOKUP(INT($R57),$B$48:$O$59,4)+(HLOOKUP(INT($R57)+1,$B$48:$O$59,4)-HLOOKUP(INT($R57),$B$48:$O$59,4))*($R57-INT($R57)) -> 0.786 | U57: =HLOOKUP(INT($R57),$B$48:$O$59,5)+(HLOOKUP(INT($R57)+1,$B$48:$O$59,5)-HLOOKUP(INT($R57),$B$48:$O$59,5))*($R57-INT($R57)) -> 0.833 | V57: =HLOOKUP(INT($R57),$B$48:$O$59,6)+(HLOOKUP(INT($R57)+1,$B$48:$O$59,6)-HLOOKUP(INT($R57),$B$48:$O$59,6))*($R57-INT($R57)) -> 1 | W57: =HLOOKUP(INT($R57),$B$48:$O$59,7)+(HLOOKUP(INT($R57)+1,$B$48:$O$59,7)-HLOOKUP(INT($R57),$B$48:$O$59,7))*($R57-INT($R57)) -> 1.143 | X57: =HLOOKUP(INT($R57),$B$48:$O$59,8)+(HLOOKUP(INT($R57)+1,$B$48:$O$59,8)-HLOOKUP(INT($R57),$B$48:$O$59,8))*($R57-INT($R57)) -> 1.405 | Y57: =HLOOKUP(INT($R57),$B$48:$O$59,9)+(HLOOKUP(INT($R57)+1,$B$48:$O$59,9)-HLOOKUP(INT($R57),$B$48:$O$59,9))*($R57-INT($R57)) -> 1.643 | Z57: =HLOOKUP(INT($R57),$B$48:$O$59,10)+(HLOOKUP(INT($R57)+1,$B$48:$O$59,10)-HLOOKUP(INT($R57),$B$48:$O$59,10))*($R57-INT($R57)) -> 2.167 | AB57: 9구간 | AC57: =AC43 -> 0 | AD57: =HLOOKUP(INT($AC57),$B$48:$O$59,3)+(HLOOKUP(INT($AC57)+1,$B$48:$O$59,3)-HLOOKUP(INT($AC57),$B$48:$O$59,3))*($AC57-INT($AC57)) -> 0.619 | AE57: =HLOOKUP(INT($AC57),$B$48:$O$59,4)+(HLOOKUP(INT($AC57)+1,$B$48:$O$59,4)-HLOOKUP(INT($AC57),$B$48:$O$59,4))*($AC57-INT($AC57)) -> 0.786 | AF57: =HLOOKUP(INT($AC57),$B$48:$O$59,5)+(HLOOKUP(INT($AC57)+1,$B$48:$O$59,5)-HLOOKUP(INT($AC57),$B$48:$O$59,5))*($AC57-INT($AC57)) -> 0.833 | AG57: =HLOOKUP(INT($AC57),$B$48:$O$59,6)+(HLOOKUP(INT($AC57)+1,$B$48:$O$59,6)-HLOOKUP(INT($AC57),$B$48:$O$59,6))*($AC57-INT($AC57)) -> 1 | AH57: =HLOOKUP(INT($AC57),$B$48:$O$59,7)+(HLOOKUP(INT($AC57)+1,$B$48:$O$59,7)-HLOOKUP(INT($AC57),$B$48:$O$59,7))*($AC57-INT($AC57)) -> 1.143 | AI57: =HLOOKUP(INT($AC57),$B$48:$O$59,8)+(HLOOKUP(INT($AC57)+1,$B$48:$O$59,8)-HLOOKUP(INT($AC57),$B$48:$O$59,8))*($AC57-INT($AC57)) -> 1.405 | AJ57: =HLOOKUP(INT($AC57),$B$48:$O$59,9)+(HLOOKUP(INT($AC57)+1,$B$48:$O$59,9)-HLOOKUP(INT($AC57),$B$48:$O$59,9))*($AC57-INT($AC57)) -> 1.643 | AK57: =HLOOKUP(INT($AC57),$B$48:$O$59,10)+(HLOOKUP(INT($AC57)+1,$B$48:$O$59,10)-HLOOKUP(INT($AC57),$B$48:$O$59,10))*($AC57-INT($AC57)) -> 2.167
A58: 90 | B58: =C58 -> 1.357 | C58: 1.357 | D58: =(C58+E58)/2 -> 1.476 | E58: 1.595 | F58: =(E58+G58)/2 -> 1.7855 | G58: 1.976 | H58: =(G58+I58)/2 -> 2.333 | I58: 2.69 | J58: =(I58+K58)/2 -> 3.083 | K58: 3.476 | L58: =(K58+M58)/2 -> 3.8095 | M58: 4.143 | N58: =(M58+O58)/2 -> 4.5 | O58: 4.857 | Q58: 10구간 | R58: =R44 -> 0 | S58: =HLOOKUP(INT($R58),$B$48:$O$59,3)+(HLOOKUP(INT($R58)+1,$B$48:$O$59,3)-HLOOKUP(INT($R58),$B$48:$O$59,3))*($R58-INT($R58)) -> 0.619 | T58: =HLOOKUP(INT($R58),$B$48:$O$59,4)+(HLOOKUP(INT($R58)+1,$B$48:$O$59,4)-HLOOKUP(INT($R58),$B$48:$O$59,4))*($R58-INT($R58)) -> 0.786 | U58: =HLOOKUP(INT($R58),$B$48:$O$59,5)+(HLOOKUP(INT($R58)+1,$B$48:$O$59,5)-HLOOKUP(INT($R58),$B$48:$O$59,5))*($R58-INT($R58)) -> 0.833 | V58: =HLOOKUP(INT($R58),$B$48:$O$59,6)+(HLOOKUP(INT($R58)+1,$B$48:$O$59,6)-HLOOKUP(INT($R58),$B$48:$O$59,6))*($R58-INT($R58)) -> 1 | W58: =HLOOKUP(INT($R58),$B$48:$O$59,7)+(HLOOKUP(INT($R58)+1,$B$48:$O$59,7)-HLOOKUP(INT($R58),$B$48:$O$59,7))*($R58-INT($R58)) -> 1.143 | X58: =HLOOKUP(INT($R58),$B$48:$O$59,8)+(HLOOKUP(INT($R58)+1,$B$48:$O$59,8)-HLOOKUP(INT($R58),$B$48:$O$59,8))*($R58-INT($R58)) -> 1.405 | Y58: =HLOOKUP(INT($R58),$B$48:$O$59,9)+(HLOOKUP(INT($R58)+1,$B$48:$O$59,9)-HLOOKUP(INT($R58),$B$48:$O$59,9))*($R58-INT($R58)) -> 1.643 | Z58: =HLOOKUP(INT($R58),$B$48:$O$59,10)+(HLOOKUP(INT($R58)+1,$B$48:$O$59,10)-HLOOKUP(INT($R58),$B$48:$O$59,10))*($R58-INT($R58)) -> 2.167 | AB58: 10구간 | AC58: =AC44 -> 0 | AD58: =HLOOKUP(INT($AC58),$B$48:$O$59,3)+(HLOOKUP(INT($AC58)+1,$B$48:$O$59,3)-HLOOKUP(INT($AC58),$B$48:$O$59,3))*($AC58-INT($AC58)) -> 0.619 | AE58: =HLOOKUP(INT($AC58),$B$48:$O$59,4)+(HLOOKUP(INT($AC58)+1,$B$48:$O$59,4)-HLOOKUP(INT($AC58),$B$48:$O$59,4))*($AC58-INT($AC58)) -> 0.786 | AF58: =HLOOKUP(INT($AC58),$B$48:$O$59,5)+(HLOOKUP(INT($AC58)+1,$B$48:$O$59,5)-HLOOKUP(INT($AC58),$B$48:$O$59,5))*($AC58-INT($AC58)) -> 0.833 | AG58: =HLOOKUP(INT($AC58),$B$48:$O$59,6)+(HLOOKUP(INT($AC58)+1,$B$48:$O$59,6)-HLOOKUP(INT($AC58),$B$48:$O$59,6))*($AC58-INT($AC58)) -> 1 | AH58: =HLOOKUP(INT($AC58),$B$48:$O$59,7)+(HLOOKUP(INT($AC58)+1,$B$48:$O$59,7)-HLOOKUP(INT($AC58),$B$48:$O$59,7))*($AC58-INT($AC58)) -> 1.143 | AI58: =HLOOKUP(INT($AC58),$B$48:$O$59,8)+(HLOOKUP(INT($AC58)+1,$B$48:$O$59,8)-HLOOKUP(INT($AC58),$B$48:$O$59,8))*($AC58-INT($AC58)) -> 1.405 | AJ58: =HLOOKUP(INT($AC58),$B$48:$O$59,9)+(HLOOKUP(INT($AC58)+1,$B$48:$O$59,9)-HLOOKUP(INT($AC58),$B$48:$O$59,9))*($AC58-INT($AC58)) -> 1.643 | AK58: =HLOOKUP(INT($AC58),$B$48:$O$59,10)+(HLOOKUP(INT($AC58)+1,$B$48:$O$59,10)-HLOOKUP(INT($AC58),$B$48:$O$59,10))*($AC58-INT($AC58)) -> 2.167
A59: 100 | B59: =C59 -> 1.833 | C59: 1.833 | D59: =(C59+E59)/2 -> 2 | E59: 2.167 | F59: =(E59+G59)/2 -> 2.393 | G59: 2.619 | H59: =(G59+I59)/2 -> 2.893 | I59: 3.167 | J59: =(I59+K59)/2 -> 3.548 | K59: 3.929 | L59: =(K59+M59)/2 -> 4.3215 | M59: 4.714 | N59: =(M59+O59)/2 -> 5.0595 | O59: 5.405

Sheet CO보정계수
A2: CO 속도·경사보정계수 | Q2: 2. CO 속도·경사보정계수 산정
A4: (1) 승용차 / 휘발유 | Q4: 2.1 상행방향 | AB4: 2.2 하행방향
C5: 경사도(%) | Q5: (2.1-1) 승용차 / 휘발유 | AB5: (2.2-1) 승용차 / 휘발유 | AM5: 검증
A6: 차속 | B6: -100 | C6: -6 | D6: =(C6+E6)/2 -> -5 | E6: -4 | F6: =(E6+G6)/2 -> -3 | G6: -2 | H6: =(G6+I6)/2 -> -1 | I6: 0 | J6: =(I6+K6)/2 -> 1 | K6: 2 | L6: =(K6+M6)/2 -> 3 | M6: 4 | N6: =(M6+O6)/2 -> 5 | O6: 6 | Q6: 구간 | R6: 경사도(%) | S6: 10 | T6: 20 | U6: 30 | V6: 40 | W6: 50 | X6: 60 | Y6: 70 | Z6: 80 | AB6: 구간 | AC6: 경사도(%) | AD6: 10 | AE6: 20 | AF6: 30 | AG6: 40 | AH6: 50 | AI6: 60 | AJ6: 70 | AK6: 80 | AM6: 구분 | AN6: 10 | AO6: 20 | AP6: 30 | AQ6: 40 | AR6: 50 | AS6: 60 | AT6: 70 | AU6: 80
A7: 0 | B7: =C7 -> 0.394 | C7: 0.394 | D7: =(C7+E7)/2 -> 0.394 | E7: 0.394 | F7: =(E7+G7)/2 -> 0.394 | G7: 0.394 | H7: =(G7+I7)/2 -> 0.394 | I7: 0.394 | J7: =(I7+K7)/2 -> 0.394 | K7: 0.394 | L7: =(K7+M7)/2 -> 0.394 | M7: 0.394 | N7: =(M7+O7)/2 -> 0.394 | O7: 0.394 | Q7: 1구간 | R7: ='환기량 산정'!B8 -> 0 | S7: =HLOOKUP(INT($R7),$B$6:$O$17,3)+(HLOOKUP(INT($R7)+1,$B$6:$O$17,3)-HLOOKUP(INT($R7),$B$6:$O$17,3))*($R7-INT($R7)) -> 0.803 | T7: =HLOOKUP(INT($R7),$B$6:$O$17,4)+(HLOOKUP(INT($R7)+1,$B$6:$O$17,4)-HLOOKUP(INT($R7),$B$6:$O$17,4))*($R7-INT($R7)) -> 1.131 | U7: =HLOOKUP(INT($R7),$B$6:$O$17,5)+(HLOOKUP(INT($R7)+1,$B$6:$O$17,5)-HLOOKUP(INT($R7),$B$6:$O$17,5))*($R7-INT($R7)) -> 1 | V7: =HLOOKUP(INT($R7),$B$6:$O$17,6)+(HLOOKUP(INT($R7)+1,$B$6:$O$17,6)-HLOOKUP(INT($R7),$B$6:$O$17,6))*($R7-INT($R7)) -> 1.197 | W7: =HLOOKUP(INT($R7),$B$6:$O$17,7)+(HLOOKUP(INT($R7)+1,$B$6:$O$17,7)-HLOOKUP(INT($R7),$B$6:$O$17,7))*($R7-INT($R7)) -> 1.328 | X7: =HLOOKUP(INT($R7),$B$6:$O$17,8)+(HLOOKUP(INT($R7)+1,$B$6:$O$17,8)-HLOOKUP(INT($R7),$B$6:$O$17,8))*($R7-INT($R7)) -> 1.328 | Y7: =HLOOKUP(INT($R7),$B$6:$O$17,9)+(HLOOKUP(INT($R7)+1,$B$6:$O$17,9)-HLOOKUP(INT($R7),$B$6:$O$17,9))*($R7-INT($R7)) -> 1.869 | Z7: =HLOOKUP(INT($R7),$B$6:$O$17,10)+(HLOOKUP(INT($R7)+1,$B$6:$O$17,10)-HLOOKUP(INT($R7),$B$6:$O$17,10))*($R7-INT($R7)) -> 2.263 | AB7: 1구간 | AC7: ='환기량 산정'!G8 -> 1.784 | AD7: =HLOOKUP(INT($AC7),$B$6:$O$17,3)+(HLOOKUP(INT($AC7)+1,$B$6:$O$17,3)-HLOOKUP(INT($AC7),$B$6:$O$17,3))*($AC7-INT($AC7)) -> 0.868116 | AE7: =HLOOKUP(INT($AC7),$B$6:$O$17,4)+(HLOOKUP(INT($AC7)+1,$B$6:$O$17,4)-HLOOKUP(INT($AC7),$B$6:$O$17,4))*($AC7-INT($AC7)) -> 1.600192 | AF7: =HLOOKUP(INT($AC7),$B$6:$O$17,5)+(HLOOKUP(INT($AC7)+1,$B$6:$O$17,5)-HLOOKUP(INT($AC7),$B$6:$O$17,5))*($AC7-INT($AC7)) -> 1.234596 | AG7: =HLOOKUP(INT($AC7),$B$6:$O$17,6)+(HLOOKUP(INT($AC7)+1,$B$6:$O$17,6)-HLOOKUP(INT($AC7),$B$6:$O$17,6))*($AC7-INT($AC7)) -> 1.581452 | AH7: =HLOOKUP(INT($AC7),$B$6:$O$17,7)+(HLOOKUP(INT($AC7)+1,$B$6:$O$17,7)-HLOOKUP(INT($AC7),$B$6:$O$17,7))*($AC7-INT($AC7)) -> 1.692828 | AI7: =HLOOKUP(INT($AC7),$B$6:$O$17,8)+(HLOOKUP(INT($AC7)+1,$B$6:$O$17,8)-HLOOKUP(INT($AC7),$B$6:$O$17,8))*($AC7-INT($AC7)) -> 1.790948 | AJ7: =HLOOKUP(INT($AC7),$B$6:$O$17,9)+(HLOOKUP(INT($AC7)+1,$B$6:$O$17,9)-HLOOKUP(INT($AC7),$B$6:$O$17,9))*($AC7-INT($AC7)) -> 2.571896 | AK7: =HLOOKUP(INT($AC7),$B$6:$O$17,10)+(HLOOKUP(INT($AC7)+1,$B$6:$O$17,10)-HLOOKUP(INT($AC7),$B$6:$O$17,10))*($AC7-INT($AC7)) -> 3.486824 | AM7: 경사도(%) | AN7: 0 | AO7: =AN7 -> 0 | AP7: =AO7 -> 0 | AQ7: =AP7 -> 0 | AR7: =AQ7 -> 0 | AS7: =AR7 -> 0 | AT7: =AS7 -> 0 | AU7: =AT7 -> 0
A8: 10 | B8: =C8 -> 0.562 | C8: 0.562 | D8: =(C8+E8)/2 -> 0.602 | E8: 0.642 | F8: =(E8+G8)/2 -> 0.675 | G8: 0.708 | H8: =(G8+I8)/2 -> 0.7555 | I8: 0.803 | J8: =(I8+K8)/2 -> 0.8395 | K8: 0.876 | L8: =(K8+M8)/2 -> 0.9525 | M8: 1.029 | N8: =(M8+O8)/2 -> 1.1205 | O8: 1.212 | Q8: 2구간 | R8: ='환기량 산정'!C8 -> 0 | S8: =HLOOKUP(INT($R8),$B$6:$O$17,3)+(HLOOKUP(INT($R8)+1,$B$6:$O$17,3)-HLOOKUP(INT($R8),$B$6:$O$17,3))*($R8-INT($R8)) -> 0.803 | T8: =HLOOKUP(INT($R8),$B$6:$O$17,4)+(HLOOKUP(INT($R8)+1,$B$6:$O$17,4)-HLOOKUP(INT($R8),$B$6:$O$17,4))*($R8-INT($R8)) -> 1.131 | U8: =HLOOKUP(INT($R8),$B$6:$O$17,5)+(HLOOKUP(INT($R8)+1,$B$6:$O$17,5)-HLOOKUP(INT($R8),$B$6:$O$17,5))*($R8-INT($R8)) -> 1 | V8: =HLOOKUP(INT($R8),$B$6:$O$17,6)+(HLOOKUP(INT($R8)+1,$B$6:$O$17,6)-HLOOKUP(INT($R8),$B$6:$O$17,6))*($R8-INT($R8)) -> 1.197 | W8: =HLOOKUP(INT($R8),$B$6:$O$17,7)+(HLOOKUP(INT($R8)+1,$B$6:$O$17,7)-HLOOKUP(INT($R8),$B$6:$O$17,7))*($R8-INT($R8)) -> 1.328 | X8: =HLOOKUP(INT($R8),$B$6:$O$17,8)+(HLOOKUP(INT($R8)+1,$B$6:$O$17,8)-HLOOKUP(INT($R8),$B$6:$O$17,8))*($R8-INT($R8)) -> 1.328 | Y8: =HLOOKUP(INT($R8),$B$6:$O$17,9)+(HLOOKUP(INT($R8)+1,$B$6:$O$17,9)-HLOOKUP(INT($R8),$B$6:$O$17,9))*($R8-INT($R8)) -> 1.869 | Z8: =HLOOKUP(INT($R8),$B$6:$O$17,10)+(HLOOKUP(INT($R8)+1,$B$6:$O$17,10)-HLOOKUP(INT($R8),$B$6:$O$17,10))*($R8-INT($R8)) -> 2.263 | AB8: 2구간 | AC8: ='환기량 산정'!H8 -> 0 | AD8: =HLOOKUP(INT($AC8),$B$6:$O$17,3)+(HLOOKUP(INT($AC8)+1,$B$6:$O$17,3)-HLOOKUP(INT($AC8),$B$6:$O$17,3))*($AC8-INT($AC8)) -> 0.803 | AE8: =HLOOKUP(INT($AC8),$B$6:$O$17,4)+(HLOOKUP(INT($AC8)+1,$B$6:$O$17,4)-HLOOKUP(INT($AC8),$B$6:$O$17,4))*($AC8-INT($AC8)) -> 1.131 | AF8: =HLOOKUP(INT($AC8),$B$6:$O$17,5)+(HLOOKUP(INT($AC8)+1,$B$6:$O$17,5)-HLOOKUP(INT($AC8),$B$6:$O$17,5))*($AC8-INT($AC8)) -> 1 | AG8: =HLOOKUP(INT($AC8),$B$6:$O$17,6)+(HLOOKUP(INT($AC8)+1,$B$6:$O$17,6)-HLOOKUP(INT($AC8),$B$6:$O$17,6))*($AC8-INT($AC8)) -> 1.197 | AH8: =HLOOKUP(INT($AC8),$B$6:$O$17,7)+(HLOOKUP(INT($AC8)+1,$B$6:$O$17,7)-HLOOKUP(INT($AC8),$B$6:$O$17,7))*($AC8-INT($AC8)) -> 1.328 | AI8: =HLOOKUP(INT($AC8),$B$6:$O$17,8)+(HLOOKUP(INT($AC8)+1,$B$6:$O$17,8)-HLOOKUP(INT($AC8),$B$6:$O$17,8))*($AC8-INT($AC8)) -> 1.328 | AJ8: =HLOOKUP(INT($AC8),$B$6:$O$17,9)+(HLOOKUP(INT($AC8)+1,$B$6:$O$17,9)-HLOOKUP(INT($AC8),$B$6:$O$17,9))*($AC8-INT($AC8)) -> 1.869 | AK8: =HLOOKUP(INT($AC8),$B$6:$O$17,10)+(HLOOKUP(INT($AC8)+1,$B$6:$O$17,10)-HLOOKUP(INT($AC8),$B$6:$O$17,10))*($AC8-INT($AC8)) -> 2.263 | AM8: 보정계수 | AN8: =AN11+(AN13-AN11)*(AN7-AN10) -> 0.803 | AO8: =AO11+(AO13-AO11)*(AO7-AO10) -> 1.131 | AP8: =AP11+(AP13-AP11)*(AP7-AP10) -> 1 | AQ8: =AQ11+(AQ13-AQ11)*(AQ7-AQ10) -> 1.197 | AR8: =AR11+(AR13-AR11)*(AR7-AR10) -> 1.328 | AS8: =AS11+(AS13-AS11)*(AS7-AS10) -> 1.328 | AT8: =AT11+(AT13-AT11)*(AT7-AT10) -> 1.869 | AU8: =AU11+(AU13-AU11)*(AU7-AU10) -> 2.263
A9: 20 | B9: =C9 -> 0.613 | C9: 0.613 | D9: =(C9+E9)/2 -> 0.679 | E9: 0.745 | F9: =(E9+G9)/2 -> 0.8325 | G9: 0.92 | H9: =(G9+I9)/2 -> 1.0255 | I9: 1.131 | J9: =(I9+K9)/2 -> 1.394 | K9: 1.657 | L9: =(K9+M9)/2 -> 2.1205 | M9: 2.584 | N9: =(M9+O9)/2 -> 3.124 | O9: 3.664 | Q9: 3구간 | R9: ='환기량 산정'!D8 -> 0 | S9: =HLOOKUP(INT($R9),$B$6:$O$17,3)+(HLOOKUP(INT($R9)+1,$B$6:$O$17,3)-HLOOKUP(INT($R9),$B$6:$O$17,3))*($R9-INT($R9)) -> 0.803 | T9: =HLOOKUP(INT($R9),$B$6:$O$17,4)+(HLOOKUP(INT($R9)+1,$B$6:$O$17,4)-HLOOKUP(INT($R9),$B$6:$O$17,4))*($R9-INT($R9)) -> 1.131 | U9: =HLOOKUP(INT($R9),$B$6:$O$17,5)+(HLOOKUP(INT($R9)+1,$B$6:$O$17,5)-HLOOKUP(INT($R9),$B$6:$O$17,5))*($R9-INT($R9)) -> 1 | V9: =HLOOKUP(INT($R9),$B$6:$O$17,6)+(HLOOKUP(INT($R9)+1,$B$6:$O$17,6)-HLOOKUP(INT($R9),$B$6:$O$17,6))*($R9-INT($R9)) -> 1.197 | W9: =HLOOKUP(INT($R9),$B$6:$O$17,7)+(HLOOKUP(INT($R9)+1,$B$6:$O$17,7)-HLOOKUP(INT($R9),$B$6:$O$17,7))*($R9-INT($R9)) -> 1.328 | X9: =HLOOKUP(INT($R9),$B$6:$O$17,8)+(HLOOKUP(INT($R9)+1,$B$6:$O$17,8)-HLOOKUP(INT($R9),$B$6:$O$17,8))*($R9-INT($R9)) -> 1.328 | Y9: =HLOOKUP(INT($R9),$B$6:$O$17,9)+(HLOOKUP(INT($R9)+1,$B$6:$O$17,9)-HLOOKUP(INT($R9),$B$6:$O$17,9))*($R9-INT($R9)) -> 1.869 | Z9: =HLOOKUP(INT($R9),$B$6:$O$17,10)+(HLOOKUP(INT($R9)+1,$B$6:$O$17,10)-HLOOKUP(INT($R9),$B$6:$O$17,10))*($R9-INT($R9)) -> 2.263 | AB9: 3구간 | AC9: ='환기량 산정'!I8 -> 0 | AD9: =HLOOKUP(INT($AC9),$B$6:$O$17,3)+(HLOOKUP(INT($AC9)+1,$B$6:$O$17,3)-HLOOKUP(INT($AC9),$B$6:$O$17,3))*($AC9-INT($AC9)) -> 0.803 | AE9: =HLOOKUP(INT($AC9),$B$6:$O$17,4)+(HLOOKUP(INT($AC9)+1,$B$6:$O$17,4)-HLOOKUP(INT($AC9),$B$6:$O$17,4))*($AC9-INT($AC9)) -> 1.131 | AF9: =HLOOKUP(INT($AC9),$B$6:$O$17,5)+(HLOOKUP(INT($AC9)+1,$B$6:$O$17,5)-HLOOKUP(INT($AC9),$B$6:$O$17,5))*($AC9-INT($AC9)) -> 1 | AG9: =HLOOKUP(INT($AC9),$B$6:$O$17,6)+(HLOOKUP(INT($AC9)+1,$B$6:$O$17,6)-HLOOKUP(INT($AC9),$B$6:$O$17,6))*($AC9-INT($AC9)) -> 1.197 | AH9: =HLOOKUP(INT($AC9),$B$6:$O$17,7)+(HLOOKUP(INT($AC9)+1,$B$6:$O$17,7)-HLOOKUP(INT($AC9),$B$6:$O$17,7))*($AC9-INT($AC9)) -> 1.328 | AI9: =HLOOKUP(INT($AC9),$B$6:$O$17,8)+(HLOOKUP(INT($AC9)+1,$B$6:$O$17,8)-HLOOKUP(INT($AC9),$B$6:$O$17,8))*($AC9-INT($AC9)) -> 1.328 | AJ9: =HLOOKUP(INT($AC9),$B$6:$O$17,9)+(HLOOKUP(INT($AC9)+1,$B$6:$O$17,9)-HLOOKUP(INT($AC9),$B$6:$O$17,9))*($AC9-INT($AC9)) -> 1.869 | AK9: =HLOOKUP(INT($AC9),$B$6:$O$17,10)+(HLOOKUP(INT($AC9)+1,$B$6:$O$17,10)-HLOOKUP(INT($AC9),$B$6:$O$17,10))*($AC9-INT($AC9)) -> 2.263
A10: 30 | B10: =C10 -> 0.562 | C10: 0.562 | D10: =(C10+E10)/2 -> 0.6205 | E10: 0.679 | F10: =(E10+G10)/2 -> 0.7445 | G10: 0.81 | H10: =(G10+I10)/2 -> 0.905 | I10: 1 | J10: =(I10+K10)/2 -> 1.1315 | K10: 1.263 | L10: =(K10+M10)/2 -> 1.4635 | M10: 1.664 | N10: =(M10+O10)/2 -> 1.967 | O10: 2.27 | Q10: 4구간 | R10: ='환기량 산정'!E8 -> 0 | S10: =HLOOKUP(INT($R10),$B$6:$O$17,3)+(HLOOKUP(INT($R10)+1,$B$6:$O$17,3)-HLOOKUP(INT($R10),$B$6:$O$17,3))*($R10-INT($R10)) -> 0.803 | T10: =HLOOKUP(INT($R10),$B$6:$O$17,4)+(HLOOKUP(INT($R10)+1,$B$6:$O$17,4)-HLOOKUP(INT($R10),$B$6:$O$17,4))*($R10-INT($R10)) -> 1.131 | U10: =HLOOKUP(INT($R10),$B$6:$O$17,5)+(HLOOKUP(INT($R10)+1,$B$6:$O$17,5)-HLOOKUP(INT($R10),$B$6:$O$17,5))*($R10-INT($R10)) -> 1 | V10: =HLOOKUP(INT($R10),$B$6:$O$17,6)+(HLOOKUP(INT($R10)+1,$B$6:$O$17,6)-HLOOKUP(INT($R10),$B$6:$O$17,6))*($R10-INT($R10)) -> 1.197 | W10: =HLOOKUP(INT($R10),$B$6:$O$17,7)+(HLOOKUP(INT($R10)+1,$B$6:$O$17,7)-HLOOKUP(INT($R10),$B$6:$O$17,7))*($R10-INT($R10)) -> 1.328 | X10: =HLOOKUP(INT($R10),$B$6:$O$17,8)+(HLOOKUP(INT($R10)+1,$B$6:$O$17,8)-HLOOKUP(INT($R10),$B$6:$O$17,8))*($R10-INT($R10)) -> 1.328 | Y10: =HLOOKUP(INT($R10),$B$6:$O$17,9)+(HLOOKUP(INT($R10)+1,$B$6:$O$17,9)-HLOOKUP(INT($R10),$B$6:$O$17,9))*($R10-INT($R10)) -> 1.869 | Z10: =HLOOKUP(INT($R10),$B$6:$O$17,10)+(HLOOKUP(INT($R10)+1,$B$6:$O$17,10)-HLOOKUP(INT($R10),$B$6:$O$17,10))*($R10-INT($R10)) -> 2.263 | AB10: 4구간 | AC10: ='환기량 산정'!J8 -> 0 | AD10: =HLOOKUP(INT($AC10),$B$6:$O$17,3)+(HLOOKUP(INT($AC10)+1,$B$6:$O$17,3)-HLOOKUP(INT($AC10),$B$6:$O$17,3))*($AC10-INT($AC10)) -> 0.803 | AE10: =HLOOKUP(INT($AC10),$B$6:$O$17,4)+(HLOOKUP(INT($AC10)+1,$B$6:$O$17,4)-HLOOKUP(INT($AC10),$B$6:$O$17,4))*($AC10-INT($AC10)) -> 1.131 | AF10: =HLOOKUP(INT($AC10),$B$6:$O$17,5)+(HLOOKUP(INT($AC10)+1,$B$6:$O$17,5)-HLOOKUP(INT($AC10),$B$6:$O$17,5))*($AC10-INT($AC10)) -> 1 | AG10: =HLOOKUP(INT($AC10),$B$6:$O$17,6)+(HLOOKUP(INT($AC10)+1,$B$6:$O$17,6)-HLOOKUP(INT($AC10),$B$6:$O$17,6))*($AC10-INT($AC10)) -> 1.197 | AH10: =HLOOKUP(INT($AC10),$B$6:$O$17,7)+(HLOOKUP(INT($AC10)+1,$B$6:$O$17,7)-HLOOKUP(INT($AC10),$B$6:$O$17,7))*($AC10-INT($AC10)) -> 1.328 | AI10: =HLOOKUP(INT($AC10),$B$6:$O$17,8)+(HLOOKUP(INT($AC10)+1,$B$6:$O$17,8)-HLOOKUP(INT($AC10),$B$6:$O$17,8))*($AC10-INT($AC10)) -> 1.328 | AJ10: =HLOOKUP(INT($AC10),$B$6:$O$17,9)+(HLOOKUP(INT($AC10)+1,$B$6:$O$17,9)-HLOOKUP(INT($AC10),$B$6:$O$17,9))*($AC10-INT($AC10)) -> 1.869 | AK10: =HLOOKUP(INT($AC10),$B$6:$O$17,10)+(HLOOKUP(INT($AC10)+1,$B$6:$O$17,10)-HLOOKUP(INT($AC10),$B$6:$O$17,10))*($AC10-INT($AC10)) -> 2.263 | AM10: 참고조건1 | AN10: =INT(AN7) -> 0 | AO10: =INT(AO7) -> 0 | AP10: =INT(AP7) -> 0 | AQ10: =INT(AQ7) -> 0 | AR10: =INT(AR7) -> 0 | AS10: =INT(AS7) -> 0 | AT10: =INT(AT7) -> 0 | AU10: =INT(AU7) -> 0
A11: 40 | B11: =C11 -> 0.606 | C11: 0.606 | D11: =(C11+E11)/2 -> 0.679 | E11: 0.752 | F11: =(E11+G11)/2 -> 0.847 | G11: 0.942 | H11: =(G11+I11)/2 -> 1.0695 | I11: 1.197 | J11: =(I11+K11)/2 -> 1.4125 | K11: 1.628 | L11: =(K11+M11)/2 -> 2.0255 | M11: 2.423 | N11: =(M11+O11)/2 -> 2.996 | O11: 3.569 | Q11: 5구간 | R11: ='환기량 산정'!F8 -> 0 | S11: =HLOOKUP(INT($R11),$B$6:$O$17,3)+(HLOOKUP(INT($R11)+1,$B$6:$O$17,3)-HLOOKUP(INT($R11),$B$6:$O$17,3))*($R11-INT($R11)) -> 0.803 | T11: =HLOOKUP(INT($R11),$B$6:$O$17,4)+(HLOOKUP(INT($R11)+1,$B$6:$O$17,4)-HLOOKUP(INT($R11),$B$6:$O$17,4))*($R11-INT($R11)) -> 1.131 | U11: =HLOOKUP(INT($R11),$B$6:$O$17,5)+(HLOOKUP(INT($R11)+1,$B$6:$O$17,5)-HLOOKUP(INT($R11),$B$6:$O$17,5))*($R11-INT($R11)) -> 1 | V11: =HLOOKUP(INT($R11),$B$6:$O$17,6)+(HLOOKUP(INT($R11)+1,$B$6:$O$17,6)-HLOOKUP(INT($R11),$B$6:$O$17,6))*($R11-INT($R11)) -> 1.197 | W11: =HLOOKUP(INT($R11),$B$6:$O$17,7)+(HLOOKUP(INT($R11)+1,$B$6:$O$17,7)-HLOOKUP(INT($R11),$B$6:$O$17,7))*($R11-INT($R11)) -> 1.328 | X11: =HLOOKUP(INT($R11),$B$6:$O$17,8)+(HLOOKUP(INT($R11)+1,$B$6:$O$17,8)-HLOOKUP(INT($R11),$B$6:$O$17,8))*($R11-INT($R11)) -> 1.328 | Y11: =HLOOKUP(INT($R11),$B$6:$O$17,9)+(HLOOKUP(INT($R11)+1,$B$6:$O$17,9)-HLOOKUP(INT($R11),$B$6:$O$17,9))*($R11-INT($R11)) -> 1.869 | Z11: =HLOOKUP(INT($R11),$B$6:$O$17,10)+(HLOOKUP(INT($R11)+1,$B$6:$O$17,10)-HLOOKUP(INT($R11),$B$6:$O$17,10))*($R11-INT($R11)) -> 2.263 | AB11: 5구간 | AC11: ='환기량 산정'!K8 -> 0 | AD11: =HLOOKUP(INT($AC11),$B$6:$O$17,3)+(HLOOKUP(INT($AC11)+1,$B$6:$O$17,3)-HLOOKUP(INT($AC11),$B$6:$O$17,3))*($AC11-INT($AC11)) -> 0.803 | AE11: =HLOOKUP(INT($AC11),$B$6:$O$17,4)+(HLOOKUP(INT($AC11)+1,$B$6:$O$17,4)-HLOOKUP(INT($AC11),$B$6:$O$17,4))*($AC11-INT($AC11)) -> 1.131 | AF11: =HLOOKUP(INT($AC11),$B$6:$O$17,5)+(HLOOKUP(INT($AC11)+1,$B$6:$O$17,5)-HLOOKUP(INT($AC11),$B$6:$O$17,5))*($AC11-INT($AC11)) -> 1 | AG11: =HLOOKUP(INT($AC11),$B$6:$O$17,6)+(HLOOKUP(INT($AC11)+1,$B$6:$O$17,6)-HLOOKUP(INT($AC11),$B$6:$O$17,6))*($AC11-INT($AC11)) -> 1.197 | AH11: =HLOOKUP(INT($AC11),$B$6:$O$17,7)+(HLOOKUP(INT($AC11)+1,$B$6:$O$17,7)-HLOOKUP(INT($AC11),$B$6:$O$17,7))*($AC11-INT($AC11)) -> 1.328 | AI11: =HLOOKUP(INT($AC11),$B$6:$O$17,8)+(HLOOKUP(INT($AC11)+1,$B$6:$O$17,8)-HLOOKUP(INT($AC11),$B$6:$O$17,8))*($AC11-INT($AC11)) -> 1.328 | AJ11: =HLOOKUP(INT($AC11),$B$6:$O$17,9)+(HLOOKUP(INT($AC11)+1,$B$6:$O$17,9)-HLOOKUP(INT($AC11),$B$6:$O$17,9))*($AC11-INT($AC11)) -> 1.869 | AK11: =HLOOKUP(INT($AC11),$B$6:$O$17,10)+(HLOOKUP(INT($AC11)+1,$B$6:$O$17,10)-HLOOKUP(INT($AC11),$B$6:$O$17,10))*($AC11-INT($AC11)) -> 2.263 | AM11: 참고값1 | AN11: =HLOOKUP(AN10,$B$6:$O$17,AN14) -> 0.803 | AO11: =HLOOKUP(AO10,$B$6:$O$17,AO14) -> 1.131 | AP11: =HLOOKUP(AP10,$B$6:$O$17,AP14) -> 1 | AQ11: =HLOOKUP(AQ10,$B$6:$O$17,AQ14) -> 1.197 | AR11: =HLOOKUP(AR10,$B$6:$O$17,AR14) -> 1.328 | AS11: =HLOOKUP(AS10,$B$6:$O$17,AS14) -> 1.328 | AT11: =HLOOKUP(AT10,$B$6:$O$17,AT14) -> 1.869 | AU11: =HLOOKUP(AU10,$B$6:$O$17,AU14) -> 2.263
A12: 50 | B12: =C12 -> 0.65 | C12: 0.65 | D12: =(C12+E12)/2 -> 0.7555 | E12: 0.861 | F12: =(E12+G12)/2 -> 0.9415 | G12: 1.022 | H12: =(G12+I12)/2 -> 1.175 | I12: 1.328 | J12: =(I12+K12)/2 -> 1.5325 | K12: 1.737 | L12: =(K12+M12)/2 -> 2.0765 | M12: 2.416 | N12: =(M12+O12)/2 -> 2.9125 | O12: 3.409 | Q12: 6구간 | R12: ='환기량 산정'!B13 -> 0 | S12: =HLOOKUP(INT($R12),$B$6:$O$17,3)+(HLOOKUP(INT($R12)+1,$B$6:$O$17,3)-HLOOKUP(INT($R12),$B$6:$O$17,3))*($R12-INT($R12)) -> 0.803 | T12: =HLOOKUP(INT($R12),$B$6:$O$17,4)+(HLOOKUP(INT($R12)+1,$B$6:$O$17,4)-HLOOKUP(INT($R12),$B$6:$O$17,4))*($R12-INT($R12)) -> 1.131 | U12: =HLOOKUP(INT($R12),$B$6:$O$17,5)+(HLOOKUP(INT($R12)+1,$B$6:$O$17,5)-HLOOKUP(INT($R12),$B$6:$O$17,5))*($R12-INT($R12)) -> 1 | V12: =HLOOKUP(INT($R12),$B$6:$O$17,6)+(HLOOKUP(INT($R12)+1,$B$6:$O$17,6)-HLOOKUP(INT($R12),$B$6:$O$17,6))*($R12-INT($R12)) -> 1.197 | W12: =HLOOKUP(INT($R12),$B$6:$O$17,7)+(HLOOKUP(INT($R12)+1,$B$6:$O$17,7)-HLOOKUP(INT($R12),$B$6:$O$17,7))*($R12-INT($R12)) -> 1.328 | X12: =HLOOKUP(INT($R12),$B$6:$O$17,8)+(HLOOKUP(INT($R12)+1,$B$6:$O$17,8)-HLOOKUP(INT($R12),$B$6:$O$17,8))*($R12-INT($R12)) -> 1.328 | Y12: =HLOOKUP(INT($R12),$B$6:$O$17,9)+(HLOOKUP(INT($R12)+1,$B$6:$O$17,9)-HLOOKUP(INT($R12),$B$6:$O$17,9))*($R12-INT($R12)) -> 1.869 | Z12: =HLOOKUP(INT($R12),$B$6:$O$17,10)+(HLOOKUP(INT($R12)+1,$B$6:$O$17,10)-HLOOKUP(INT($R12),$B$6:$O$17,10))*($R12-INT($R12)) -> 2.263 | AB12: 6구간 | AC12: ='환기량 산정'!G13 -> 0 | AD12: =HLOOKUP(INT($AC12),$B$6:$O$17,3)+(HLOOKUP(INT($AC12)+1,$B$6:$O$17,3)-HLOOKUP(INT($AC12),$B$6:$O$17,3))*($AC12-INT($AC12)) -> 0.803 | AE12: =HLOOKUP(INT($AC12),$B$6:$O$17,4)+(HLOOKUP(INT($AC12)+1,$B$6:$O$17,4)-HLOOKUP(INT($AC12),$B$6:$O$17,4))*($AC12-INT($AC12)) -> 1.131 | AF12: =HLOOKUP(INT($AC12),$B$6:$O$17,5)+(HLOOKUP(INT($AC12)+1,$B$6:$O$17,5)-HLOOKUP(INT($AC12),$B$6:$O$17,5))*($AC12-INT($AC12)) -> 1 | AG12: =HLOOKUP(INT($AC12),$B$6:$O$17,6)+(HLOOKUP(INT($AC12)+1,$B$6:$O$17,6)-HLOOKUP(INT($AC12),$B$6:$O$17,6))*($AC12-INT($AC12)) -> 1.197 | AH12: =HLOOKUP(INT($AC12),$B$6:$O$17,7)+(HLOOKUP(INT($AC12)+1,$B$6:$O$17,7)-HLOOKUP(INT($AC12),$B$6:$O$17,7))*($AC12-INT($AC12)) -> 1.328 | AI12: =HLOOKUP(INT($AC12),$B$6:$O$17,8)+(HLOOKUP(INT($AC12)+1,$B$6:$O$17,8)-HLOOKUP(INT($AC12),$B$6:$O$17,8))*($AC12-INT($AC12)) -> 1.328 | AJ12: =HLOOKUP(INT($AC12),$B$6:$O$17,9)+(HLOOKUP(INT($AC12)+1,$B$6:$O$17,9)-HLOOKUP(INT($AC12),$B$6:$O$17,9))*($AC12-INT($AC12)) -> 1.869 | AK12: =HLOOKUP(INT($AC12),$B$6:$O$17,10)+(HLOOKUP(INT($AC12)+1,$B$6:$O$17,10)-HLOOKUP(INT($AC12),$B$6:$O$17,10))*($AC12-INT($AC12)) -> 2.263 | AM12: 참고조건2 | AN12: =AN10+1 -> 1 | AO12: =AO10+1 -> 1 | AP12: =AP10+1 -> 1 | AQ12: =AQ10+1 -> 1 | AR12: =AR10+1 -> 1 | AS12: =AS10+1 -> 1 | AT12: =AT10+1 -> 1 | AU12: =AU10+1 -> 1
A13: 60 | B13: =C13 -> 0.62 | C13: 0.62 | D13: =(C13+E13)/2 -> 0.726 | E13: 0.832 | F13: =(E13+G13)/2 -> 0.9015 | G13: 0.971 | H13: =(G13+I13)/2 -> 1.1495 | I13: 1.328 | J13: =(I13+K13)/2 -> 1.5875 | K13: 1.847 | L13: =(K13+M13)/2 -> 2.303 | M13: 2.759 | N13: =(M13+O13)/2 -> 3.54 | O13: 4.321 | Q13: 7구간 | R13: ='환기량 산정'!C13 -> 0 | S13: =HLOOKUP(INT($R13),$B$6:$O$17,3)+(HLOOKUP(INT($R13)+1,$B$6:$O$17,3)-HLOOKUP(INT($R13),$B$6:$O$17,3))*($R13-INT($R13)) -> 0.803 | T13: =HLOOKUP(INT($R13),$B$6:$O$17,4)+(HLOOKUP(INT($R13)+1,$B$6:$O$17,4)-HLOOKUP(INT($R13),$B$6:$O$17,4))*($R13-INT($R13)) -> 1.131 | U13: =HLOOKUP(INT($R13),$B$6:$O$17,5)+(HLOOKUP(INT($R13)+1,$B$6:$O$17,5)-HLOOKUP(INT($R13),$B$6:$O$17,5))*($R13-INT($R13)) -> 1 | V13: =HLOOKUP(INT($R13),$B$6:$O$17,6)+(HLOOKUP(INT($R13)+1,$B$6:$O$17,6)-HLOOKUP(INT($R13),$B$6:$O$17,6))*($R13-INT($R13)) -> 1.197 | W13: =HLOOKUP(INT($R13),$B$6:$O$17,7)+(HLOOKUP(INT($R13)+1,$B$6:$O$17,7)-HLOOKUP(INT($R13),$B$6:$O$17,7))*($R13-INT($R13)) -> 1.328 | X13: =HLOOKUP(INT($R13),$B$6:$O$17,8)+(HLOOKUP(INT($R13)+1,$B$6:$O$17,8)-HLOOKUP(INT($R13),$B$6:$O$17,8))*($R13-INT($R13)) -> 1.328 | Y13: =HLOOKUP(INT($R13),$B$6:$O$17,9)+(HLOOKUP(INT($R13)+1,$B$6:$O$17,9)-HLOOKUP(INT($R13),$B$6:$O$17,9))*($R13-INT($R13)) -> 1.869 | Z13: =HLOOKUP(INT($R13),$B$6:$O$17,10)+(HLOOKUP(INT($R13)+1,$B$6:$O$17,10)-HLOOKUP(INT($R13),$B$6:$O$17,10))*($R13-INT($R13)) -> 2.263 | AB13: 7구간 | AC13: ='환기량 산정'!H13 -> 0 | AD13: =HLOOKUP(INT($AC13),$B$6:$O$17,3)+(HLOOKUP(INT($AC13)+1,$B$6:$O$17,3)-HLOOKUP(INT($AC13),$B$6:$O$17,3))*($AC13-INT($AC13)) -> 0.803 | AE13: =HLOOKUP(INT($AC13),$B$6:$O$17,4)+(HLOOKUP(INT($AC13)+1,$B$6:$O$17,4)-HLOOKUP(INT($AC13),$B$6:$O$17,4))*($AC13-INT($AC13)) -> 1.131 | AF13: =HLOOKUP(INT($AC13),$B$6:$O$17,5)+(HLOOKUP(INT($AC13)+1,$B$6:$O$17,5)-HLOOKUP(INT($AC13),$B$6:$O$17,5))*($AC13-INT($AC13)) -> 1 | AG13: =HLOOKUP(INT($AC13),$B$6:$O$17,6)+(HLOOKUP(INT($AC13)+1,$B$6:$O$17,6)-HLOOKUP(INT($AC13),$B$6:$O$17,6))*($AC13-INT($AC13)) -> 1.197 | AH13: =HLOOKUP(INT($AC13),$B$6:$O$17,7)+(HLOOKUP(INT($AC13)+1,$B$6:$O$17,7)-HLOOKUP(INT($AC13),$B$6:$O$17,7))*($AC13-INT($AC13)) -> 1.328 | AI13: =HLOOKUP(INT($AC13),$B$6:$O$17,8)+(HLOOKUP(INT($AC13)+1,$B$6:$O$17,8)-HLOOKUP(INT($AC13),$B$6:$O$17,8))*($AC13-INT($AC13)) -> 1.328 | AJ13: =HLOOKUP(INT($AC13),$B$6:$O$17,9)+(HLOOKUP(INT($AC13)+1,$B$6:$O$17,9)-HLOOKUP(INT($AC13),$B$6:$O$17,9))*($AC13-INT($AC13)) -> 1.869 | AK13: =HLOOKUP(INT($AC13),$B$6:$O$17,10)+(HLOOKUP(INT($AC13)+1,$B$6:$O$17,10)-HLOOKUP(INT($AC13),$B$6:$O$17,10))*($AC13-INT($AC13)) -> 2.263 | AM13: 참고값2 | AN13: =HLOOKUP(AN12,$B$6:$O$17,AN14) -> 0.8395 | AO13: =HLOOKUP(AO12,$B$6:$O$17,AO14) -> 1.394 | AP13: =HLOOKUP(AP12,$B$6:$O$17,AP14) -> 1.1315 | AQ13: =HLOOKUP(AQ12,$B$6:$O$17,AQ14) -> 1.4125 | AR13: =HLOOKUP(AR12,$B$6:$O$17,AR14) -> 1.5325 | AS13: =HLOOKUP(AS12,$B$6:$O$17,AS14) -> 1.5875 | AT13: =HLOOKUP(AT12,$B$6:$O$17,AT14) -> 2.263 | AU13: =HLOOKUP(AU12,$B$6:$O$17,AU14) -> 2.949
A14: 70 | B14: =C14 -> 0.723 | C14: 0.723 | D14: =(C14+E14)/2 -> 0.847 | E14: 0.971 | F14: =(E14+G14)/2 -> 1.139 | G14: 1.307 | H14: =(G14+I14)/2 -> 1.588 | I14: 1.869 | J14: =(I14+K14)/2 -> 2.263 | K14: 2.657 | L14: =(K14+M14)/2 -> 3.533 | M14: 4.409 | N14: =(M14+O14)/2 -> 6.1825 | O14: 7.956 | Q14: 8구간 | R14: ='환기량 산정'!D13 -> 0 | S14: =HLOOKUP(INT($R14),$B$6:$O$17,3)+(HLOOKUP(INT($R14)+1,$B$6:$O$17,3)-HLOOKUP(INT($R14),$B$6:$O$17,3))*($R14-INT($R14)) -> 0.803 | T14: =HLOOKUP(INT($R14),$B$6:$O$17,4)+(HLOOKUP(INT($R14)+1,$B$6:$O$17,4)-HLOOKUP(INT($R14),$B$6:$O$17,4))*($R14-INT($R14)) -> 1.131 | U14: =HLOOKUP(INT($R14),$B$6:$O$17,5)+(HLOOKUP(INT($R14)+1,$B$6:$O$17,5)-HLOOKUP(INT($R14),$B$6:$O$17,5))*($R14-INT($R14)) -> 1 | V14: =HLOOKUP(INT($R14),$B$6:$O$17,6)+(HLOOKUP(INT($R14)+1,$B$6:$O$17,6)-HLOOKUP(INT($R14),$B$6:$O$17,6))*($R14-INT($R14)) -> 1.197 | W14: =HLOOKUP(INT($R14),$B$6:$O$17,7)+(HLOOKUP(INT($R14)+1,$B$6:$O$17,7)-HLOOKUP(INT($R14),$B$6:$O$17,7))*($R14-INT($R14)) -> 1.328 | X14: =HLOOKUP(INT($R14),$B$6:$O$17,8)+(HLOOKUP(INT($R14)+1,$B$6:$O$17,8)-HLOOKUP(INT($R14),$B$6:$O$17,8))*($R14-INT($R14)) -> 1.328 | Y14: =HLOOKUP(INT($R14),$B$6:$O$17,9)+(HLOOKUP(INT($R14)+1,$B$6:$O$17,9)-HLOOKUP(INT($R14),$B$6:$O$17,9))*($R14-INT($R14)) -> 1.869 | Z14: =HLOOKUP(INT($R14),$B$6:$O$17,10)+(HLOOKUP(INT($R14)+1,$B$6:$O$17,10)-HLOOKUP(INT($R14),$B$6:$O$17,10))*($R14-INT($R14)) -> 2.263 | AB14: 8구간 | AC14: ='환기량 산정'!I13 -> 0 | AD14: =HLOOKUP(INT($AC14),$B$6:$O$17,3)+(HLOOKUP(INT($AC14)+1,$B$6:$O$17,3)-HLOOKUP(INT($AC14),$B$6:$O$17,3))*($AC14-INT($AC14)) -> 0.803 | AE14: =HLOOKUP(INT($AC14),$B$6:$O$17,4)+(HLOOKUP(INT($AC14)+1,$B$6:$O$17,4)-HLOOKUP(INT($AC14),$B$6:$O$17,4))*($AC14-INT($AC14)) -> 1.131 | AF14: =HLOOKUP(INT($AC14),$B$6:$O$17,5)+(HLOOKUP(INT($AC14)+1,$B$6:$O$17,5)-HLOOKUP(INT($AC14),$B$6:$O$17,5))*($AC14-INT($AC14)) -> 1 | AG14: =HLOOKUP(INT($AC14),$B$6:$O$17,6)+(HLOOKUP(INT($AC14)+1,$B$6:$O$17,6)-HLOOKUP(INT($AC14),$B$6:$O$17,6))*($AC14-INT($AC14)) -> 1.197 | AH14: =HLOOKUP(INT($AC14),$B$6:$O$17,7)+(HLOOKUP(INT($AC14)+1,$B$6:$O$17,7)-HLOOKUP(INT($AC14),$B$6:$O$17,7))*($AC14-INT($AC14)) -> 1.328 | AI14: =HLOOKUP(INT($AC14),$B$6:$O$17,8)+(HLOOKUP(INT($AC14)+1,$B$6:$O$17,8)-HLOOKUP(INT($AC14),$B$6:$O$17,8))*($AC14-INT($AC14)) -> 1.328 | AJ14: =HLOOKUP(INT($AC14),$B$6:$O$17,9)+(HLOOKUP(INT($AC14)+1,$B$6:$O$17,9)-HLOOKUP(INT($AC14),$B$6:$O$17,9))*($AC14-INT($AC14)) -> 1.869 | AK14: =HLOOKUP(INT($AC14),$B$6:$O$17,10)+(HLOOKUP(INT($AC14)+1,$B$6:$O$17,10)-HLOOKUP(INT($AC14),$B$6:$O$17,10))*($AC14-INT($AC14)) -> 2.263 | AN14: 3 | AO14: 4 | AP14: 5 | AQ14: 6 | AR14: 7 | AS14: 8 | AT14: 9 | AU14: 10
A15: 80 | B15: =C15 -> 0.912 | C15: 0.912 | D15: =(C15+E15)/2 -> 1.047 | E15: 1.182 | F15: =(E15+G15)/2 -> 1.361 | G15: 1.54 | H15: =(G15+I15)/2 -> 1.9015 | I15: 2.263 | J15: =(I15+K15)/2 -> 2.949 | K15: 3.635 | L15: =(K15+M15)/2 -> 5.0695 | M15: 6.504 | N15: =(M15+O15)/2 -> 9.3175 | O15: 12.131 | Q15: 9구간 | R15: ='환기량 산정'!E13 -> 0 | S15: =HLOOKUP(INT($R15),$B$6:$O$17,3)+(HLOOKUP(INT($R15)+1,$B$6:$O$17,3)-HLOOKUP(INT($R15),$B$6:$O$17,3))*($R15-INT($R15)) -> 0.803 | T15: =HLOOKUP(INT($R15),$B$6:$O$17,4)+(HLOOKUP(INT($R15)+1,$B$6:$O$17,4)-HLOOKUP(INT($R15),$B$6:$O$17,4))*($R15-INT($R15)) -> 1.131 | U15: =HLOOKUP(INT($R15),$B$6:$O$17,5)+(HLOOKUP(INT($R15)+1,$B$6:$O$17,5)-HLOOKUP(INT($R15),$B$6:$O$17,5))*($R15-INT($R15)) -> 1 | V15: =HLOOKUP(INT($R15),$B$6:$O$17,6)+(HLOOKUP(INT($R15)+1,$B$6:$O$17,6)-HLOOKUP(INT($R15),$B$6:$O$17,6))*($R15-INT($R15)) -> 1.197 | W15: =HLOOKUP(INT($R15),$B$6:$O$17,7)+(HLOOKUP(INT($R15)+1,$B$6:$O$17,7)-HLOOKUP(INT($R15),$B$6:$O$17,7))*($R15-INT($R15)) -> 1.328 | X15: =HLOOKUP(INT($R15),$B$6:$O$17,8)+(HLOOKUP(INT($R15)+1,$B$6:$O$17,8)-HLOOKUP(INT($R15),$B$6:$O$17,8))*($R15-INT($R15)) -> 1.328 | Y15: =HLOOKUP(INT($R15),$B$6:$O$17,9)+(HLOOKUP(INT($R15)+1,$B$6:$O$17,9)-HLOOKUP(INT($R15),$B$6:$O$17,9))*($R15-INT($R15)) -> 1.869 | Z15: =HLOOKUP(INT($R15),$B$6:$O$17,10)+(HLOOKUP(INT($R15)+1,$B$6:$O$17,10)-HLOOKUP(INT($R15),$B$6:$O$17,10))*($R15-INT($R15)) -> 2.263 | AB15: 9구간 | AC15: ='환기량 산정'!J13 -> 0 | AD15: =HLOOKUP(INT($AC15),$B$6:$O$17,3)+(HLOOKUP(INT($AC15)+1,$B$6:$O$17,3)-HLOOKUP(INT($AC15),$B$6:$O$17,3))*($AC15-INT($AC15)) -> 0.803 | AE15: =HLOOKUP(INT($AC15),$B$6:$O$17,4)+(HLOOKUP(INT($AC15)+1,$B$6:$O$17,4)-HLOOKUP(INT($AC15),$B$6:$O$17,4))*($AC15-INT($AC15)) -> 1.131 | AF15: =HLOOKUP(INT($AC15),$B$6:$O$17,5)+(HLOOKUP(INT($AC15)+1,$B$6:$O$17,5)-HLOOKUP(INT($AC15),$B$6:$O$17,5))*($AC15-INT($AC15)) -> 1 | AG15: =HLOOKUP(INT($AC15),$B$6:$O$17,6)+(HLOOKUP(INT($AC15)+1,$B$6:$O$17,6)-HLOOKUP(INT($AC15),$B$6:$O$17,6))*($AC15-INT($AC15)) -> 1.197 | AH15: =HLOOKUP(INT($AC15),$B$6:$O$17,7)+(HLOOKUP(INT($AC15)+1,$B$6:$O$17,7)-HLOOKUP(INT($AC15),$B$6:$O$17,7))*($AC15-INT($AC15)) -> 1.328 | AI15: =HLOOKUP(INT($AC15),$B$6:$O$17,8)+(HLOOKUP(INT($AC15)+1,$B$6:$O$17,8)-HLOOKUP(INT($AC15),$B$6:$O$17,8))*($AC15-INT($AC15)) -> 1.328 | AJ15: =HLOOKUP(INT($AC15),$B$6:$O$17,9)+(HLOOKUP(INT($AC15)+1,$B$6:$O$17,9)-HLOOKUP(INT($AC15),$B$6:$O$17,9))*($AC15-INT($AC15)) -> 1.869 | AK15: =HLOOKUP(INT($AC15),$B$6:$O$17,10)+(HLOOKUP(INT($AC15)+1,$B$6:$O$17,10)-HLOOKUP(INT($AC15),$B$6:$O$17,10))*($AC15-INT($AC15)) -> 2.263
A16: 90 | B16: =C16 -> 0.854 | C16: 0.854 | D16: =(C16+E16)/2 -> 1 | E16: 1.146 | F16: =(E16+G16)/2 -> 1.4015 | G16: 1.657 | H16: =(G16+I16)/2 -> 2.128 | I16: 2.599 | J16: =(I16+K16)/2 -> 3.763 | K16: 4.927 | L16: =(K16+M16)/2 -> 7.7955 | M16: 10.664 | N16: =(M16+O16)/2 -> 14.978 | O16: 19.292 | Q16: 10구간 | R16: ='환기량 산정'!F13 -> 0 | S16: =HLOOKUP(INT($R16),$B$6:$O$17,3)+(HLOOKUP(INT($R16)+1,$B$6:$O$17,3)-HLOOKUP(INT($R16),$B$6:$O$17,3))*($R16-INT($R16)) -> 0.803 | T16: =HLOOKUP(INT($R16),$B$6:$O$17,4)+(HLOOKUP(INT($R16)+1,$B$6:$O$17,4)-HLOOKUP(INT($R16),$B$6:$O$17,4))*($R16-INT($R16)) -> 1.131 | U16: =HLOOKUP(INT($R16),$B$6:$O$17,5)+(HLOOKUP(INT($R16)+1,$B$6:$O$17,5)-HLOOKUP(INT($R16),$B$6:$O$17,5))*($R16-INT($R16)) -> 1 | V16: =HLOOKUP(INT($R16),$B$6:$O$17,6)+(HLOOKUP(INT($R16)+1,$B$6:$O$17,6)-HLOOKUP(INT($R16),$B$6:$O$17,6))*($R16-INT($R16)) -> 1.197 | W16: =HLOOKUP(INT($R16),$B$6:$O$17,7)+(HLOOKUP(INT($R16)+1,$B$6:$O$17,7)-HLOOKUP(INT($R16),$B$6:$O$17,7))*($R16-INT($R16)) -> 1.328 | X16: =HLOOKUP(INT($R16),$B$6:$O$17,8)+(HLOOKUP(INT($R16)+1,$B$6:$O$17,8)-HLOOKUP(INT($R16),$B$6:$O$17,8))*($R16-INT($R16)) -> 1.328 | Y16: =HLOOKUP(INT($R16),$B$6:$O$17,9)+(HLOOKUP(INT($R16)+1,$B$6:$O$17,9)-HLOOKUP(INT($R16),$B$6:$O$17,9))*($R16-INT($R16)) -> 1.869 | Z16: =HLOOKUP(INT($R16),$B$6:$O$17,10)+(HLOOKUP(INT($R16)+1,$B$6:$O$17,10)-HLOOKUP(INT($R16),$B$6:$O$17,10))*($R16-INT($R16)) -> 2.263 | AB16: 10구간 | AC16: ='환기량 산정'!K13 -> 0 | AD16: =HLOOKUP(INT($AC16),$B$6:$O$17,3)+(HLOOKUP(INT($AC16)+1,$B$6:$O$17,3)-HLOOKUP(INT($AC16),$B$6:$O$17,3))*($AC16-INT($AC16)) -> 0.803 | AE16: =HLOOKUP(INT($AC16),$B$6:$O$17,4)+(HLOOKUP(INT($AC16)+1,$B$6:$O$17,4)-HLOOKUP(INT($AC16),$B$6:$O$17,4))*($AC16-INT($AC16)) -> 1.131 | AF16: =HLOOKUP(INT($AC16),$B$6:$O$17,5)+(HLOOKUP(INT($AC16)+1,$B$6:$O$17,5)-HLOOKUP(INT($AC16),$B$6:$O$17,5))*($AC16-INT($AC16)) -> 1 | AG16: =HLOOKUP(INT($AC16),$B$6:$O$17,6)+(HLOOKUP(INT($AC16)+1,$B$6:$O$17,6)-HLOOKUP(INT($AC16),$B$6:$O$17,6))*($AC16-INT($AC16)) -> 1.197 | AH16: =HLOOKUP(INT($AC16),$B$6:$O$17,7)+(HLOOKUP(INT($AC16)+1,$B$6:$O$17,7)-HLOOKUP(INT($AC16),$B$6:$O$17,7))*($AC16-INT($AC16)) -> 1.328 | AI16: =HLOOKUP(INT($AC16),$B$6:$O$17,8)+(HLOOKUP(INT($AC16)+1,$B$6:$O$17,8)-HLOOKUP(INT($AC16),$B$6:$O$17,8))*($AC16-INT($AC16)) -> 1.328 | AJ16: =HLOOKUP(INT($AC16),$B$6:$O$17,9)+(HLOOKUP(INT($AC16)+1,$B$6:$O$17,9)-HLOOKUP(INT($AC16),$B$6:$O$17,9))*($AC16-INT($AC16)) -> 1.869 | AK16: =HLOOKUP(INT($AC16),$B$6:$O$17,10)+(HLOOKUP(INT($AC16)+1,$B$6:$O$17,10)-HLOOKUP(INT($AC16),$B$6:$O$17,10))*($AC16-INT($AC16)) -> 2.263
A17: 100 | B17: =C17 -> 1.131 | C17: 1.131 | D17: =(C17+E17)/2 -> 1.3285 | E17: 1.526 | F17: =(E17+G17)/2 -> 1.9165 | G17: 2.307 | H17: =(G17+I17)/2 -> 2.993 | I17: 3.679 | J17: =(I17+K17)/2 -> 4.9745 | K17: 6.27 | L17: =(K17+M17)/2 -> 10.7775 | M17: 15.285 | N17: =(M17+O17)/2 -> 22.814 | O17: 30.343
A18: (2) 승용차 / 경유
C19: 경사도(%) | Q19: (2.1-2) 승용차 / 경유 | AB19: (2.2-2) 승용차 / 경유 | AM19: 검증
A20: 차속 | B20: -100 | C20: -6 | D20: =(C20+E20)/2 -> -5 | E20: -4 | F20: =(E20+G20)/2 -> -3 | G20: -2 | H20: =(G20+I20)/2 -> -1 | I20: 0 | J20: =(I20+K20)/2 -> 1 | K20: 2 | L20: =(K20+M20)/2 -> 3 | M20: 4 | N20: =(M20+O20)/2 -> 5 | O20: 6 | Q20: 구간 | R20: 경사도(%) | S20: 10 | T20: 20 | U20: 30 | V20: 40 | W20: 50 | X20: 60 | Y20: 70 | Z20: 80 | AB20: 구간 | AC20: 경사도(%) | AD20: 10 | AE20: 20 | AF20: 30 | AG20: 40 | AH20: 50 | AI20: 60 | AJ20: 70 | AK20: 80 | AM20: 구분 | AN20: 10 | AO20: 20 | AP20: 30 | AQ20: 40 | AR20: 50 | AS20: 60 | AT20: 70 | AU20: 80
A21: 0 | B21: =C21 -> 0.15 | C21: 0.15 | D21: =(C21+E21)/2 -> 0.15 | E21: 0.15 | F21: =(E21+G21)/2 -> 0.15 | G21: 0.15 | H21: =(G21+I21)/2 -> 0.15 | I21: 0.15 | J21: =(I21+K21)/2 -> 0.15 | K21: 0.15 | L21: =(K21+M21)/2 -> 0.15 | M21: 0.15 | N21: =(M21+O21)/2 -> 0.15 | O21: 0.15 | Q21: 1구간 | R21: =R7 -> 0 | S21: =HLOOKUP(INT($R21),$B$20:$O$31,3)+(HLOOKUP(INT($R21)+1,$B$20:$O$31,3)-HLOOKUP(INT($R21),$B$20:$O$31,3))*($R21-INT($R21)) -> 0.65 | T21: =HLOOKUP(INT($R21),$B$20:$O$31,4)+(HLOOKUP(INT($R21)+1,$B$20:$O$31,4)-HLOOKUP(INT($R21),$B$20:$O$31,4))*($R21-INT($R21)) -> 1.4 | U21: =HLOOKUP(INT($R21),$B$20:$O$31,5)+(HLOOKUP(INT($R21)+1,$B$20:$O$31,5)-HLOOKUP(INT($R21),$B$20:$O$31,5))*($R21-INT($R21)) -> 1.2 | V21: =HLOOKUP(INT($R21),$B$20:$O$31,6)+(HLOOKUP(INT($R21)+1,$B$20:$O$31,6)-HLOOKUP(INT($R21),$B$20:$O$31,6))*($R21-INT($R21)) -> 1 | W21: =HLOOKUP(INT($R21),$B$20:$O$31,7)+(HLOOKUP(INT($R21)+1,$B$20:$O$31,7)-HLOOKUP(INT($R21),$B$20:$O$31,7))*($R21-INT($R21)) -> 0.9 | X21: =HLOOKUP(INT($R21),$B$20:$O$31,8)+(HLOOKUP(INT($R21)+1,$B$20:$O$31,8)-HLOOKUP(INT($R21),$B$20:$O$31,8))*($R21-INT($R21)) -> 0.8 | Y21: =HLOOKUP(INT($R21),$B$20:$O$31,9)+(HLOOKUP(INT($R21)+1,$B$20:$O$31,9)-HLOOKUP(INT($R21),$B$20:$O$31,9))*($R21-INT($R21)) -> 0.8 | Z21: =HLOOKUP(INT($R21),$B$20:$O$31,10)+(HLOOKUP(INT($R21)+1,$B$20:$O$31,10)-HLOOKUP(INT($R21),$B$20:$O$31,10))*($R21-INT($R21)) -> 0.8 | AB21: 1구간 | AC21: =AC7 -> 1.784 | AD21: =HLOOKUP(INT($AC21),$B$20:$O$31,3)+(HLOOKUP(INT($AC21)+1,$B$20:$O$31,3)-HLOOKUP(INT($AC21),$B$20:$O$31,3))*($AC21-INT($AC21)) -> 0.7392 | AE21: =HLOOKUP(INT($AC21),$B$20:$O$31,4)+(HLOOKUP(INT($AC21)+1,$B$20:$O$31,4)-HLOOKUP(INT($AC21),$B$20:$O$31,4))*($AC21-INT($AC21)) -> 1.623 | AF21: =HLOOKUP(INT($AC21),$B$20:$O$31,5)+(HLOOKUP(INT($AC21)+1,$B$20:$O$31,5)-HLOOKUP(INT($AC21),$B$20:$O$31,5))*($AC21-INT($AC21)) -> 1.4676 | AG21: =HLOOKUP(INT($AC21),$B$20:$O$31,6)+(HLOOKUP(INT($AC21)+1,$B$20:$O$31,6)-HLOOKUP(INT($AC21),$B$20:$O$31,6))*($AC21-INT($AC21)) -> 1.3122 | AH21: =HLOOKUP(INT($AC21),$B$20:$O$31,7)+(HLOOKUP(INT($AC21)+1,$B$20:$O$31,7)-HLOOKUP(INT($AC21),$B$20:$O$31,7))*($AC21-INT($AC21)) -> 1.2568 | AI21: =HLOOKUP(INT($AC21),$B$20:$O$31,8)+(HLOOKUP(INT($AC21)+1,$B$20:$O$31,8)-HLOOKUP(INT($AC21),$B$20:$O$31,8))*($AC21-INT($AC21)) -> 1.1568 | AJ21: =HLOOKUP(INT($AC21),$B$20:$O$31,9)+(HLOOKUP(INT($AC21)+1,$B$20:$O$31,9)-HLOOKUP(INT($AC21),$B$20:$O$31,9))*($AC21-INT($AC21)) -> 1.023 | AK21: =HLOOKUP(INT($AC21),$B$20:$O$31,10)+(HLOOKUP(INT($AC21)+1,$B$20:$O$31,10)-HLOOKUP(INT($AC21),$B$20:$O$31,10))*($AC21-INT($AC21)) -> 1.023 | AM21: 경사도(%) | AN21: =R30 -> 0 | AO21: =AN21 -> 0 | AP21: =AO21 -> 0 | AQ21: =AP21 -> 0 | AR21: =AQ21 -> 0 | AS21: =AR21 -> 0 | AT21: =AS21 -> 0 | AU21: =AT21 -> 0
A22: 10 | B22: =C22 -> 0.4 | C22: 0.4 | D22: =(C22+E22)/2 -> 0.425 | E22: 0.45 | F22: =(E22+G22)/2 -> 0.5 | G22: 0.55 | H22: =(G22+I22)/2 -> 0.6 | I22: 0.65 | J22: =(I22+K22)/2 -> 0.7 | K22: 0.75 | L22: =(K22+M22)/2 -> 0.825 | M22: 0.9 | N22: =(M22+O22)/2 -> 0.95 | O22: 1 | Q22: 2구간 | R22: =R8 -> 0 | S22: =HLOOKUP(INT($R22),$B$20:$O$31,3)+(HLOOKUP(INT($R22)+1,$B$20:$O$31,3)-HLOOKUP(INT($R22),$B$20:$O$31,3))*($R22-INT($R22)) -> 0.65 | T22: =HLOOKUP(INT($R22),$B$20:$O$31,4)+(HLOOKUP(INT($R22)+1,$B$20:$O$31,4)-HLOOKUP(INT($R22),$B$20:$O$31,4))*($R22-INT($R22)) -> 1.4 | U22: =HLOOKUP(INT($R22),$B$20:$O$31,5)+(HLOOKUP(INT($R22)+1,$B$20:$O$31,5)-HLOOKUP(INT($R22),$B$20:$O$31,5))*($R22-INT($R22)) -> 1.2 | V22: =HLOOKUP(INT($R22),$B$20:$O$31,6)+(HLOOKUP(INT($R22)+1,$B$20:$O$31,6)-HLOOKUP(INT($R22),$B$20:$O$31,6))*($R22-INT($R22)) -> 1 | W22: =HLOOKUP(INT($R22),$B$20:$O$31,7)+(HLOOKUP(INT($R22)+1,$B$20:$O$31,7)-HLOOKUP(INT($R22),$B$20:$O$31,7))*($R22-INT($R22)) -> 0.9 | X22: =HLOOKUP(INT($R22),$B$20:$O$31,8)+(HLOOKUP(INT($R22)+1,$B$20:$O$31,8)-HLOOKUP(INT($R22),$B$20:$O$31,8))*($R22-INT($R22)) -> 0.8 | Y22: =HLOOKUP(INT($R22),$B$20:$O$31,9)+(HLOOKUP(INT($R22)+1,$B$20:$O$31,9)-HLOOKUP(INT($R22),$B$20:$O$31,9))*($R22-INT($R22)) -> 0.8 | Z22: =HLOOKUP(INT($R22),$B$20:$O$31,10)+(HLOOKUP(INT($R22)+1,$B$20:$O$31,10)-HLOOKUP(INT($R22),$B$20:$O$31,10))*($R22-INT($R22)) -> 0.8 | AB22: 2구간 | AC22: =AC8 -> 0 | AD22: =HLOOKUP(INT($AC22),$B$20:$O$31,3)+(HLOOKUP(INT($AC22)+1,$B$20:$O$31,3)-HLOOKUP(INT($AC22),$B$20:$O$31,3))*($AC22-INT($AC22)) -> 0.65 | AE22: =HLOOKUP(INT($AC22),$B$20:$O$31,4)+(HLOOKUP(INT($AC22)+1,$B$20:$O$31,4)-HLOOKUP(INT($AC22),$B$20:$O$31,4))*($AC22-INT($AC22)) -> 1.4 | AF22: =HLOOKUP(INT($AC22),$B$20:$O$31,5)+(HLOOKUP(INT($AC22)+1,$B$20:$O$31,5)-HLOOKUP(INT($AC22),$B$20:$O$31,5))*($AC22-INT($AC22)) -> 1.2 | AG22: =HLOOKUP(INT($AC22),$B$20:$O$31,6)+(HLOOKUP(INT($AC22)+1,$B$20:$O$31,6)-HLOOKUP(INT($AC22),$B$20:$O$31,6))*($AC22-INT($AC22)) -> 1 | AH22: =HLOOKUP(INT($AC22),$B$20:$O$31,7)+(HLOOKUP(INT($AC22)+1,$B$20:$O$31,7)-HLOOKUP(INT($AC22),$B$20:$O$31,7))*($AC22-INT($AC22)) -> 0.9 | AI22: =HLOOKUP(INT($AC22),$B$20:$O$31,8)+(HLOOKUP(INT($AC22)+1,$B$20:$O$31,8)-HLOOKUP(INT($AC22),$B$20:$O$31,8))*($AC22-INT($AC22)) -> 0.8 | AJ22: =HLOOKUP(INT($AC22),$B$20:$O$31,9)+(HLOOKUP(INT($AC22)+1,$B$20:$O$31,9)-HLOOKUP(INT($AC22),$B$20:$O$31,9))*($AC22-INT($AC22)) -> 0.8 | AK22: =HLOOKUP(INT($AC22),$B$20:$O$31,10)+(HLOOKUP(INT($AC22)+1,$B$20:$O$31,10)-HLOOKUP(INT($AC22),$B$20:$O$31,10))*($AC22-INT($AC22)) -> 0.8 | AM22: 보정계수 | AN22: =AN25+(AN27-AN25)*(AN21-AN24) -> 0.65 | AO22: =AO25+(AO27-AO25)*(AO21-AO24) -> 1.4 | AP22: =AP25+(AP27-AP25)*(AP21-AP24) -> 1.2 | AQ22: =AQ25+(AQ27-AQ25)*(AQ21-AQ24) -> 1 | AR22: =AR25+(AR27-AR25)*(AR21-AR24) -> 0.9 | AS22: =AS25+(AS27-AS25)*(AS21-AS24) -> 0.8 | AT22: =AT25+(AT27-AT25)*(AT21-AT24) -> 0.8 | AU22: =AU25+(AU27-AU25)*(AU21-AU24) -> 0.8
A23: 20 | B23: =C23 -> 0.45 | C23: 0.45 | D23: =(C23+E23)/2 -> 0.475 | E23: 0.5 | F23: =(E23+G23)/2 -> 0.575 | G23: 0.65 | H23: =(G23+I23)/2 -> 1.025 | I23: 1.4 | J23: =(I23+K23)/2 -> 1.525 | K23: 1.65 | L23: =(K23+M23)/2 -> 1.725 | M23: 1.8 | N23: =(M23+O23)/2 -> 1.925 | O23: 2.05 | Q23: 3구간 | R23: =R9 -> 0 | S23: =HLOOKUP(INT($R23),$B$20:$O$31,3)+(HLOOKUP(INT($R23)+1,$B$20:$O$31,3)-HLOOKUP(INT($R23),$B$20:$O$31,3))*($R23-INT($R23)) -> 0.65 | T23: =HLOOKUP(INT($R23),$B$20:$O$31,4)+(HLOOKUP(INT($R23)+1,$B$20:$O$31,4)-HLOOKUP(INT($R23),$B$20:$O$31,4))*($R23-INT($R23)) -> 1.4 | U23: =HLOOKUP(INT($R23),$B$20:$O$31,5)+(HLOOKUP(INT($R23)+1,$B$20:$O$31,5)-HLOOKUP(INT($R23),$B$20:$O$31,5))*($R23-INT($R23)) -> 1.2 | V23: =HLOOKUP(INT($R23),$B$20:$O$31,6)+(HLOOKUP(INT($R23)+1,$B$20:$O$31,6)-HLOOKUP(INT($R23),$B$20:$O$31,6))*($R23-INT($R23)) -> 1 | W23: =HLOOKUP(INT($R23),$B$20:$O$31,7)+(HLOOKUP(INT($R23)+1,$B$20:$O$31,7)-HLOOKUP(INT($R23),$B$20:$O$31,7))*($R23-INT($R23)) -> 0.9 | X23: =HLOOKUP(INT($R23),$B$20:$O$31,8)+(HLOOKUP(INT($R23)+1,$B$20:$O$31,8)-HLOOKUP(INT($R23),$B$20:$O$31,8))*($R23-INT($R23)) -> 0.8 | Y23: =HLOOKUP(INT($R23),$B$20:$O$31,9)+(HLOOKUP(INT($R23)+1,$B$20:$O$31,9)-HLOOKUP(INT($R23),$B$20:$O$31,9))*($R23-INT($R23)) -> 0.8 | Z23: =HLOOKUP(INT($R23),$B$20:$O$31,10)+(HLOOKUP(INT($R23)+1,$B$20:$O$31,10)-HLOOKUP(INT($R23),$B$20:$O$31,10))*($R23-INT($R23)) -> 0.8 | AB23: 3구간 | AC23: =AC9 -> 0 | AD23: =HLOOKUP(INT($AC23),$B$20:$O$31,3)+(HLOOKUP(INT($AC23)+1,$B$20:$O$31,3)-HLOOKUP(INT($AC23),$B$20:$O$31,3))*($AC23-INT($AC23)) -> 0.65 | AE23: =HLOOKUP(INT($AC23),$B$20:$O$31,4)+(HLOOKUP(INT($AC23)+1,$B$20:$O$31,4)-HLOOKUP(INT($AC23),$B$20:$O$31,4))*($AC23-INT($AC23)) -> 1.4 | AF23: =HLOOKUP(INT($AC23),$B$20:$O$31,5)+(HLOOKUP(INT($AC23)+1,$B$20:$O$31,5)-HLOOKUP(INT($AC23),$B$20:$O$31,5))*($AC23-INT($AC23)) -> 1.2 | AG23: =HLOOKUP(INT($AC23),$B$20:$O$31,6)+(HLOOKUP(INT($AC23)+1,$B$20:$O$31,6)-HLOOKUP(INT($AC23),$B$20:$O$31,6))*($AC23-INT($AC23)) -> 1 | AH23: =HLOOKUP(INT($AC23),$B$20:$O$31,7)+(HLOOKUP(INT($AC23)+1,$B$20:$O$31,7)-HLOOKUP(INT($AC23),$B$20:$O$31,7))*($AC23-INT($AC23)) -> 0.9 | AI23: =HLOOKUP(INT($AC23),$B$20:$O$31,8)+(HLOOKUP(INT($AC23)+1,$B$20:$O$31,8)-HLOOKUP(INT($AC23),$B$20:$O$31,8))*($AC23-INT($AC23)) -> 0.8 | AJ23: =HLOOKUP(INT($AC23),$B$20:$O$31,9)+(HLOOKUP(INT($AC23)+1,$B$20:$O$31,9)-HLOOKUP(INT($AC23),$B$20:$O$31,9))*($AC23-INT($AC23)) -> 0.8 | AK23: =HLOOKUP(INT($AC23),$B$20:$O$31,10)+(HLOOKUP(INT($AC23)+1,$B$20:$O$31,10)-HLOOKUP(INT($AC23),$B$20:$O$31,10))*($AC23-INT($AC23)) -> 0.8
A24: 30 | B24: =C24 -> 0.45 | C24: 0.45 | D24: =(C24+E24)/2 -> 0.525 | E24: 0.6 | F24: =(E24+G24)/2 -> 0.65 | G24: 0.7 | H24: =(G24+I24)/2 -> 0.95 | I24: 1.2 | J24: =(I24+K24)/2 -> 1.35 | K24: 1.5 | L24: =(K24+M24)/2 -> 1.625 | M24: 1.75 | N24: =(M24+O24)/2 -> 1.85 | O24: 1.95 | Q24: 4구간 | R24: =R10 -> 0 | S24: =HLOOKUP(INT($R24),$B$20:$O$31,3)+(HLOOKUP(INT($R24)+1,$B$20:$O$31,3)-HLOOKUP(INT($R24),$B$20:$O$31,3))*($R24-INT($R24)) -> 0.65 | T24: =HLOOKUP(INT($R24),$B$20:$O$31,4)+(HLOOKUP(INT($R24)+1,$B$20:$O$31,4)-HLOOKUP(INT($R24),$B$20:$O$31,4))*($R24-INT($R24)) -> 1.4 | U24: =HLOOKUP(INT($R24),$B$20:$O$31,5)+(HLOOKUP(INT($R24)+1,$B$20:$O$31,5)-HLOOKUP(INT($R24),$B$20:$O$31,5))*($R24-INT($R24)) -> 1.2 | V24: =HLOOKUP(INT($R24),$B$20:$O$31,6)+(HLOOKUP(INT($R24)+1,$B$20:$O$31,6)-HLOOKUP(INT($R24),$B$20:$O$31,6))*($R24-INT($R24)) -> 1 | W24: =HLOOKUP(INT($R24),$B$20:$O$31,7)+(HLOOKUP(INT($R24)+1,$B$20:$O$31,7)-HLOOKUP(INT($R24),$B$20:$O$31,7))*($R24-INT($R24)) -> 0.9 | X24: =HLOOKUP(INT($R24),$B$20:$O$31,8)+(HLOOKUP(INT($R24)+1,$B$20:$O$31,8)-HLOOKUP(INT($R24),$B$20:$O$31,8))*($R24-INT($R24)) -> 0.8 | Y24: =HLOOKUP(INT($R24),$B$20:$O$31,9)+(HLOOKUP(INT($R24)+1,$B$20:$O$31,9)-HLOOKUP(INT($R24),$B$20:$O$31,9))*($R24-INT($R24)) -> 0.8 | Z24: =HLOOKUP(INT($R24),$B$20:$O$31,10)+(HLOOKUP(INT($R24)+1,$B$20:$O$31,10)-HLOOKUP(INT($R24),$B$20:$O$31,10))*($R24-INT($R24)) -> 0.8 | AB24: 4구간 | AC24: =AC10 -> 0 | AD24: =HLOOKUP(INT($AC24),$B$20:$O$31,3)+(HLOOKUP(INT($AC24)+1,$B$20:$O$31,3)-HLOOKUP(INT($AC24),$B$20:$O$31,3))*($AC24-INT($AC24)) -> 0.65 | AE24: =HLOOKUP(INT($AC24),$B$20:$O$31,4)+(HLOOKUP(INT($AC24)+1,$B$20:$O$31,4)-HLOOKUP(INT($AC24),$B$20:$O$31,4))*($AC24-INT($AC24)) -> 1.4 | AF24: =HLOOKUP(INT($AC24),$B$20:$O$31,5)+(HLOOKUP(INT($AC24)+1,$B$20:$O$31,5)-HLOOKUP(INT($AC24),$B$20:$O$31,5))*($AC24-INT($AC24)) -> 1.2 | AG24: =HLOOKUP(INT($AC24),$B$20:$O$31,6)+(HLOOKUP(INT($AC24)+1,$B$20:$O$31,6)-HLOOKUP(INT($AC24),$B$20:$O$31,6))*($AC24-INT($AC24)) -> 1 | AH24: =HLOOKUP(INT($AC24),$B$20:$O$31,7)+(HLOOKUP(INT($AC24)+1,$B$20:$O$31,7)-HLOOKUP(INT($AC24),$B$20:$O$31,7))*($AC24-INT($AC24)) -> 0.9 | AI24: =HLOOKUP(INT($AC24),$B$20:$O$31,8)+(HLOOKUP(INT($AC24)+1,$B$20:$O$31,8)-HLOOKUP(INT($AC24),$B$20:$O$31,8))*($AC24-INT($AC24)) -> 0.8 | AJ24: =HLOOKUP(INT($AC24),$B$20:$O$31,9)+(HLOOKUP(INT($AC24)+1,$B$20:$O$31,9)-HLOOKUP(INT($AC24),$B$20:$O$31,9))*($AC24-INT($AC24)) -> 0.8 | AK24: =HLOOKUP(INT($AC24),$B$20:$O$31,10)+(HLOOKUP(INT($AC24)+1,$B$20:$O$31,10)-HLOOKUP(INT($AC24),$B$20:$O$31,10))*($AC24-INT($AC24)) -> 0.8 | AM24: 참고조건1 | AN24: =INT(AN21) -> 0 | AO24: =INT(AO21) -> 0 | AP24: =INT(AP21) -> 0 | AQ24: =INT(AQ21) -> 0 | AR24: =INT(AR21) -> 0 | AS24: =INT(AS21) -> 0 | AT24: =INT(AT21) -> 0 | AU24: =INT(AU21) -> 0
A25: 40 | B25: =C25 -> 0.45 | C25: 0.45 | D25: =(C25+E25)/2 -> 0.525 | E25: 0.6 | F25: =(E25+G25)/2 -> 0.65 | G25: 0.7 | H25: =(G25+I25)/2 -> 0.85 | I25: 1 | J25: =(I25+K25)/2 -> 1.175 | K25: 1.35 | L25: =(K25+M25)/2 -> 1.475 | M25: 1.6 | N25: =(M25+O25)/2 -> 1.725 | O25: 1.85 | Q25: 5구간 | R25: =R11 -> 0 | S25: =HLOOKUP(INT($R25),$B$20:$O$31,3)+(HLOOKUP(INT($R25)+1,$B$20:$O$31,3)-HLOOKUP(INT($R25),$B$20:$O$31,3))*($R25-INT($R25)) -> 0.65 | T25: =HLOOKUP(INT($R25),$B$20:$O$31,4)+(HLOOKUP(INT($R25)+1,$B$20:$O$31,4)-HLOOKUP(INT($R25),$B$20:$O$31,4))*($R25-INT($R25)) -> 1.4 | U25: =HLOOKUP(INT($R25),$B$20:$O$31,5)+(HLOOKUP(INT($R25)+1,$B$20:$O$31,5)-HLOOKUP(INT($R25),$B$20:$O$31,5))*($R25-INT($R25)) -> 1.2 | V25: =HLOOKUP(INT($R25),$B$20:$O$31,6)+(HLOOKUP(INT($R25)+1,$B$20:$O$31,6)-HLOOKUP(INT($R25),$B$20:$O$31,6))*($R25-INT($R25)) -> 1 | W25: =HLOOKUP(INT($R25),$B$20:$O$31,7)+(HLOOKUP(INT($R25)+1,$B$20:$O$31,7)-HLOOKUP(INT($R25),$B$20:$O$31,7))*($R25-INT($R25)) -> 0.9 | X25: =HLOOKUP(INT($R25),$B$20:$O$31,8)+(HLOOKUP(INT($R25)+1,$B$20:$O$31,8)-HLOOKUP(INT($R25),$B$20:$O$31,8))*($R25-INT($R25)) -> 0.8 | Y25: =HLOOKUP(INT($R25),$B$20:$O$31,9)+(HLOOKUP(INT($R25)+1,$B$20:$O$31,9)-HLOOKUP(INT($R25),$B$20:$O$31,9))*($R25-INT($R25)) -> 0.8 | Z25: =HLOOKUP(INT($R25),$B$20:$O$31,10)+(HLOOKUP(INT($R25)+1,$B$20:$O$31,10)-HLOOKUP(INT($R25),$B$20:$O$31,10))*($R25-INT($R25)) -> 0.8 | AB25: 5구간 | AC25: =AC11 -> 0 | AD25: =HLOOKUP(INT($AC25),$B$20:$O$31,3)+(HLOOKUP(INT($AC25)+1,$B$20:$O$31,3)-HLOOKUP(INT($AC25),$B$20:$O$31,3))*($AC25-INT($AC25)) -> 0.65 | AE25: =HLOOKUP(INT($AC25),$B$20:$O$31,4)+(HLOOKUP(INT($AC25)+1,$B$20:$O$31,4)-HLOOKUP(INT($AC25),$B$20:$O$31,4))*($AC25-INT($AC25)) -> 1.4 | AF25: =HLOOKUP(INT($AC25),$B$20:$O$31,5)+(HLOOKUP(INT($AC25)+1,$B$20:$O$31,5)-HLOOKUP(INT($AC25),$B$20:$O$31,5))*($AC25-INT($AC25)) -> 1.2 | AG25: =HLOOKUP(INT($AC25),$B$20:$O$31,6)+(HLOOKUP(INT($AC25)+1,$B$20:$O$31,6)-HLOOKUP(INT($AC25),$B$20:$O$31,6))*($AC25-INT($AC25)) -> 1 | AH25: =HLOOKUP(INT($AC25),$B$20:$O$31,7)+(HLOOKUP(INT($AC25)+1,$B$20:$O$31,7)-HLOOKUP(INT($AC25),$B$20:$O$31,7))*($AC25-INT($AC25)) -> 0.9 | AI25: =HLOOKUP(INT($AC25),$B$20:$O$31,8)+(HLOOKUP(INT($AC25)+1,$B$20:$O$31,8)-HLOOKUP(INT($AC25),$B$20:$O$31,8))*($AC25-INT($AC25)) -> 0.8 | AJ25: =HLOOKUP(INT($AC25),$B$20:$O$31,9)+(HLOOKUP(INT($AC25)+1,$B$20:$O$31,9)-HLOOKUP(INT($AC25),$B$20:$O$31,9))*($AC25-INT($AC25)) -> 0.8 | AK25: =HLOOKUP(INT($AC25),$B$20:$O$31,10)+(HLOOKUP(INT($AC25)+1,$B$20:$O$31,10)-HLOOKUP(INT($AC25),$B$20:$O$31,10))*($AC25-INT($AC25)) -> 0.8 | AM25: 참고값1 | AN25: =HLOOKUP(AN24,$B$20:$O$31,AN28) -> 0.65 | AO25: =HLOOKUP(AO24,$B$20:$O$31,AO28) -> 1.4 | AP25: =HLOOKUP(AP24,$B$20:$O$31,AP28) -> 1.2 | AQ25: =HLOOKUP(AQ24,$B$20:$O$31,AQ28) -> 1 | AR25: =HLOOKUP(AR24,$B$20:$O$31,AR28) -> 0.9 | AS25: =HLOOKUP(AS24,$B$20:$O$31,AS28) -> 0.8 | AT25: =HLOOKUP(AT24,$B$20:$O$31,AT28) -> 0.8 | AU25: =HLOOKUP(AU24,$B$20:$O$31,AU28) -> 0.8
A26: 50 | B26: =C26 -> 0.5 | C26: 0.5 | D26: =(C26+E26)/2 -> 0.525 | E26: 0.55 | F26: =(E26+G26)/2 -> 0.625 | G26: 0.7 | H26: =(G26+I26)/2 -> 0.8 | I26: 0.9 | J26: =(I26+K26)/2 -> 1.1 | K26: 1.3 | L26: =(K26+M26)/2 -> 1.425 | M26: 1.55 | N26: =(M26+O26)/2 -> 1.675 | O26: 1.8 | Q26: 6구간 | R26: =R12 -> 0 | S26: =HLOOKUP(INT($R26),$B$20:$O$31,3)+(HLOOKUP(INT($R26)+1,$B$20:$O$31,3)-HLOOKUP(INT($R26),$B$20:$O$31,3))*($R26-INT($R26)) -> 0.65 | T26: =HLOOKUP(INT($R26),$B$20:$O$31,4)+(HLOOKUP(INT($R26)+1,$B$20:$O$31,4)-HLOOKUP(INT($R26),$B$20:$O$31,4))*($R26-INT($R26)) -> 1.4 | U26: =HLOOKUP(INT($R26),$B$20:$O$31,5)+(HLOOKUP(INT($R26)+1,$B$20:$O$31,5)-HLOOKUP(INT($R26),$B$20:$O$31,5))*($R26-INT($R26)) -> 1.2 | V26: =HLOOKUP(INT($R26),$B$20:$O$31,6)+(HLOOKUP(INT($R26)+1,$B$20:$O$31,6)-HLOOKUP(INT($R26),$B$20:$O$31,6))*($R26-INT($R26)) -> 1 | W26: =HLOOKUP(INT($R26),$B$20:$O$31,7)+(HLOOKUP(INT($R26)+1,$B$20:$O$31,7)-HLOOKUP(INT($R26),$B$20:$O$31,7))*($R26-INT($R26)) -> 0.9 | X26: =HLOOKUP(INT($R26),$B$20:$O$31,8)+(HLOOKUP(INT($R26)+1,$B$20:$O$31,8)-HLOOKUP(INT($R26),$B$20:$O$31,8))*($R26-INT($R26)) -> 0.8 | Y26: =HLOOKUP(INT($R26),$B$20:$O$31,9)+(HLOOKUP(INT($R26)+1,$B$20:$O$31,9)-HLOOKUP(INT($R26),$B$20:$O$31,9))*($R26-INT($R26)) -> 0.8 | Z26: =HLOOKUP(INT($R26),$B$20:$O$31,10)+(HLOOKUP(INT($R26)+1,$B$20:$O$31,10)-HLOOKUP(INT($R26),$B$20:$O$31,10))*($R26-INT($R26)) -> 0.8 | AB26: 6구간 | AC26: =AC12 -> 0 | AD26: =HLOOKUP(INT($AC26),$B$20:$O$31,3)+(HLOOKUP(INT($AC26)+1,$B$20:$O$31,3)-HLOOKUP(INT($AC26),$B$20:$O$31,3))*($AC26-INT($AC26)) -> 0.65 | AE26: =HLOOKUP(INT($AC26),$B$20:$O$31,4)+(HLOOKUP(INT($AC26)+1,$B$20:$O$31,4)-HLOOKUP(INT($AC26),$B$20:$O$31,4))*($AC26-INT($AC26)) -> 1.4 | AF26: =HLOOKUP(INT($AC26),$B$20:$O$31,5)+(HLOOKUP(INT($AC26)+1,$B$20:$O$31,5)-HLOOKUP(INT($AC26),$B$20:$O$31,5))*($AC26-INT($AC26)) -> 1.2 | AG26: =HLOOKUP(INT($AC26),$B$20:$O$31,6)+(HLOOKUP(INT($AC26)+1,$B$20:$O$31,6)-HLOOKUP(INT($AC26),$B$20:$O$31,6))*($AC26-INT($AC26)) -> 1 | AH26: =HLOOKUP(INT($AC26),$B$20:$O$31,7)+(HLOOKUP(INT($AC26)+1,$B$20:$O$31,7)-HLOOKUP(INT($AC26),$B$20:$O$31,7))*($AC26-INT($AC26)) -> 0.9 | AI26: =HLOOKUP(INT($AC26),$B$20:$O$31,8)+(HLOOKUP(INT($AC26)+1,$B$20:$O$31,8)-HLOOKUP(INT($AC26),$B$20:$O$31,8))*($AC26-INT($AC26)) -> 0.8 | AJ26: =HLOOKUP(INT($AC26),$B$20:$O$31,9)+(HLOOKUP(INT($AC26)+1,$B$20:$O$31,9)-HLOOKUP(INT($AC26),$B$20:$O$31,9))*($AC26-INT($AC26)) -> 0.8 | AK26: =HLOOKUP(INT($AC26),$B$20:$O$31,10)+(HLOOKUP(INT($AC26)+1,$B$20:$O$31,10)-HLOOKUP(INT($AC26),$B$20:$O$31,10))*($AC26-INT($AC26)) -> 0.8 | AM26: 참고조건2 | AN26: =AN24+1 -> 1 | AO26: =AO24+1 -> 1 | AP26: =AP24+1 -> 1 | AQ26: =AQ24+1 -> 1 | AR26: =AR24+1 -> 1 | AS26: =AS24+1 -> 1 | AT26: =AT24+1 -> 1 | AU26: =AU24+1 -> 1
A27: 60 | B27: =C27 -> 0.5 | C27: 0.5 | D27: =(C27+E27)/2 -> 0.525 | E27: 0.55 | F27: =(E27+G27)/2 -> 0.575 | G27: 0.6 | H27: =(G27+I27)/2 -> 0.7 | I27: 0.8 | J27: =(I27+K27)/2 -> 1 | K27: 1.2 | L27: =(K27+M27)/2 -> 1.35 | M27: 1.5 | N27: =(M27+O27)/2 -> 1.65 | O27: 1.8 | Q27: 7구간 | R27: =R13 -> 0 | S27: =HLOOKUP(INT($R27),$B$20:$O$31,3)+(HLOOKUP(INT($R27)+1,$B$20:$O$31,3)-HLOOKUP(INT($R27),$B$20:$O$31,3))*($R27-INT($R27)) -> 0.65 | T27: =HLOOKUP(INT($R27),$B$20:$O$31,4)+(HLOOKUP(INT($R27)+1,$B$20:$O$31,4)-HLOOKUP(INT($R27),$B$20:$O$31,4))*($R27-INT($R27)) -> 1.4 | U27: =HLOOKUP(INT($R27),$B$20:$O$31,5)+(HLOOKUP(INT($R27)+1,$B$20:$O$31,5)-HLOOKUP(INT($R27),$B$20:$O$31,5))*($R27-INT($R27)) -> 1.2 | V27: =HLOOKUP(INT($R27),$B$20:$O$31,6)+(HLOOKUP(INT($R27)+1,$B$20:$O$31,6)-HLOOKUP(INT($R27),$B$20:$O$31,6))*($R27-INT($R27)) -> 1 | W27: =HLOOKUP(INT($R27),$B$20:$O$31,7)+(HLOOKUP(INT($R27)+1,$B$20:$O$31,7)-HLOOKUP(INT($R27),$B$20:$O$31,7))*($R27-INT($R27)) -> 0.9 | X27: =HLOOKUP(INT($R27),$B$20:$O$31,8)+(HLOOKUP(INT($R27)+1,$B$20:$O$31,8)-HLOOKUP(INT($R27),$B$20:$O$31,8))*($R27-INT($R27)) -> 0.8 | Y27: =HLOOKUP(INT($R27),$B$20:$O$31,9)+(HLOOKUP(INT($R27)+1,$B$20:$O$31,9)-HLOOKUP(INT($R27),$B$20:$O$31,9))*($R27-INT($R27)) -> 0.8 | Z27: =HLOOKUP(INT($R27),$B$20:$O$31,10)+(HLOOKUP(INT($R27)+1,$B$20:$O$31,10)-HLOOKUP(INT($R27),$B$20:$O$31,10))*($R27-INT($R27)) -> 0.8 | AB27: 7구간 | AC27: =AC13 -> 0 | AD27: =HLOOKUP(INT($AC27),$B$20:$O$31,3)+(HLOOKUP(INT($AC27)+1,$B$20:$O$31,3)-HLOOKUP(INT($AC27),$B$20:$O$31,3))*($AC27-INT($AC27)) -> 0.65 | AE27: =HLOOKUP(INT($AC27),$B$20:$O$31,4)+(HLOOKUP(INT($AC27)+1,$B$20:$O$31,4)-HLOOKUP(INT($AC27),$B$20:$O$31,4))*($AC27-INT($AC27)) -> 1.4 | AF27: =HLOOKUP(INT($AC27),$B$20:$O$31,5)+(HLOOKUP(INT($AC27)+1,$B$20:$O$31,5)-HLOOKUP(INT($AC27),$B$20:$O$31,5))*($AC27-INT($AC27)) -> 1.2 | AG27: =HLOOKUP(INT($AC27),$B$20:$O$31,6)+(HLOOKUP(INT($AC27)+1,$B$20:$O$31,6)-HLOOKUP(INT($AC27),$B$20:$O$31,6))*($AC27-INT($AC27)) -> 1 | AH27: =HLOOKUP(INT($AC27),$B$20:$O$31,7)+(HLOOKUP(INT($AC27)+1,$B$20:$O$31,7)-HLOOKUP(INT($AC27),$B$20:$O$31,7))*($AC27-INT($AC27)) -> 0.9 | AI27: =HLOOKUP(INT($AC27),$B$20:$O$31,8)+(HLOOKUP(INT($AC27)+1,$B$20:$O$31,8)-HLOOKUP(INT($AC27),$B$20:$O$31,8))*($AC27-INT($AC27)) -> 0.8 | AJ27: =HLOOKUP(INT($AC27),$B$20:$O$31,9)+(HLOOKUP(INT($AC27)+1,$B$20:$O$31,9)-HLOOKUP(INT($AC27),$B$20:$O$31,9))*($AC27-INT($AC27)) -> 0.8 | AK27: =HLOOKUP(INT($AC27),$B$20:$O$31,10)+(HLOOKUP(INT($AC27)+1,$B$20:$O$31,10)-HLOOKUP(INT($AC27),$B$20:$O$31,10))*($AC27-INT($AC27)) -> 0.8 | AM27: 참고값2 | AN27: =HLOOKUP(AN26,$B$20:$O$31,AN28) -> 0.7 | AO27: =HLOOKUP(AO26,$B$20:$O$31,AO28) -> 1.525 | AP27: =HLOOKUP(AP26,$B$20:$O$31,AP28) -> 1.35 | AQ27: =HLOOKUP(AQ26,$B$20:$O$31,AQ28) -> 1.175 | AR27: =HLOOKUP(AR26,$B$20:$O$31,AR28) -> 1.1 | AS27: =HLOOKUP(AS26,$B$20:$O$31,AS28) -> 1 | AT27: =HLOOKUP(AT26,$B$20:$O$31,AT28) -> 0.925 | AU27: =HLOOKUP(AU26,$B$20:$O$31,AU28) -> 0.925
A28: 70 | B28: =C28 -> 0.5 | C28: 0.5 | D28: =(C28+E28)/2 -> 0.525 | E28: 0.55 | F28: =(E28+G28)/2 -> 0.575 | G28: 0.6 | H28: =(G28+I28)/2 -> 0.7 | I28: 0.8 | J28: =(I28+K28)/2 -> 0.925 | K28: 1.05 | L28: =(K28+M28)/2 -> 1.225 | M28: 1.4 | N28: =(M28+O28)/2 -> 1.55 | O28: 1.7 | Q28: 8구간 | R28: =R14 -> 0 | S28: =HLOOKUP(INT($R28),$B$20:$O$31,3)+(HLOOKUP(INT($R28)+1,$B$20:$O$31,3)-HLOOKUP(INT($R28),$B$20:$O$31,3))*($R28-INT($R28)) -> 0.65 | T28: =HLOOKUP(INT($R28),$B$20:$O$31,4)+(HLOOKUP(INT($R28)+1,$B$20:$O$31,4)-HLOOKUP(INT($R28),$B$20:$O$31,4))*($R28-INT($R28)) -> 1.4 | U28: =HLOOKUP(INT($R28),$B$20:$O$31,5)+(HLOOKUP(INT($R28)+1,$B$20:$O$31,5)-HLOOKUP(INT($R28),$B$20:$O$31,5))*($R28-INT($R28)) -> 1.2 | V28: =HLOOKUP(INT($R28),$B$20:$O$31,6)+(HLOOKUP(INT($R28)+1,$B$20:$O$31,6)-HLOOKUP(INT($R28),$B$20:$O$31,6))*($R28-INT($R28)) -> 1 | W28: =HLOOKUP(INT($R28),$B$20:$O$31,7)+(HLOOKUP(INT($R28)+1,$B$20:$O$31,7)-HLOOKUP(INT($R28),$B$20:$O$31,7))*($R28-INT($R28)) -> 0.9 | X28: =HLOOKUP(INT($R28),$B$20:$O$31,8)+(HLOOKUP(INT($R28)+1,$B$20:$O$31,8)-HLOOKUP(INT($R28),$B$20:$O$31,8))*($R28-INT($R28)) -> 0.8 | Y28: =HLOOKUP(INT($R28),$B$20:$O$31,9)+(HLOOKUP(INT($R28)+1,$B$20:$O$31,9)-HLOOKUP(INT($R28),$B$20:$O$31,9))*($R28-INT($R28)) -> 0.8 | Z28: =HLOOKUP(INT($R28),$B$20:$O$31,10)+(HLOOKUP(INT($R28)+1,$B$20:$O$31,10)-HLOOKUP(INT($R28),$B$20:$O$31,10))*($R28-INT($R28)) -> 0.8 | AB28: 8구간 | AC28: =AC14 -> 0 | AD28: =HLOOKUP(INT($AC28),$B$20:$O$31,3)+(HLOOKUP(INT($AC28)+1,$B$20:$O$31,3)-HLOOKUP(INT($AC28),$B$20:$O$31,3))*($AC28-INT($AC28)) -> 0.65 | AE28: =HLOOKUP(INT($AC28),$B$20:$O$31,4)+(HLOOKUP(INT($AC28)+1,$B$20:$O$31,4)-HLOOKUP(INT($AC28),$B$20:$O$31,4))*($AC28-INT($AC28)) -> 1.4 | AF28: =HLOOKUP(INT($AC28),$B$20:$O$31,5)+(HLOOKUP(INT($AC28)+1,$B$20:$O$31,5)-HLOOKUP(INT($AC28),$B$20:$O$31,5))*($AC28-INT($AC28)) -> 1.2 | AG28: =HLOOKUP(INT($AC28),$B$20:$O$31,6)+(HLOOKUP(INT($AC28)+1,$B$20:$O$31,6)-HLOOKUP(INT($AC28),$B$20:$O$31,6))*($AC28-INT($AC28)) -> 1 | AH28: =HLOOKUP(INT($AC28),$B$20:$O$31,7)+(HLOOKUP(INT($AC28)+1,$B$20:$O$31,7)-HLOOKUP(INT($AC28),$B$20:$O$31,7))*($AC28-INT($AC28)) -> 0.9 | AI28: =HLOOKUP(INT($AC28),$B$20:$O$31,8)+(HLOOKUP(INT($AC28)+1,$B$20:$O$31,8)-HLOOKUP(INT($AC28),$B$20:$O$31,8))*($AC28-INT($AC28)) -> 0.8 | AJ28: =HLOOKUP(INT($AC28),$B$20:$O$31,9)+(HLOOKUP(INT($AC28)+1,$B$20:$O$31,9)-HLOOKUP(INT($AC28),$B$20:$O$31,9))*($AC28-INT($AC28)) -> 0.8 | AK28: =HLOOKUP(INT($AC28),$B$20:$O$31,10)+(HLOOKUP(INT($AC28)+1,$B$20:$O$31,10)-HLOOKUP(INT($AC28),$B$20:$O$31,10))*($AC28-INT($AC28)) -> 0.8 | AN28: 3 | AO28: 4 | AP28: 5 | AQ28: 6 | AR28: 7 | AS28: 8 | AT28: 9 | AU28: 10
A29: 80 | B29: =C29 -> 0.45 | C29: 0.45 | D29: =(C29+E29)/2 -> 0.5 | E29: 0.55 | F29: =(E29+G29)/2 -> 0.575 | G29: 0.6 | H29: =(G29+I29)/2 -> 0.7 | I29: 0.8 | J29: =(I29+K29)/2 -> 0.925 | K29: 1.05 | L29: =(K29+M29)/2 -> 1.125 | M29: 1.2 | N29: =(M29+O29)/2 -> 1.4 | O29: 1.6 | Q29: 9구간 | R29: =R15 -> 0 | S29: =HLOOKUP(INT($R29),$B$20:$O$31,3)+(HLOOKUP(INT($R29)+1,$B$20:$O$31,3)-HLOOKUP(INT($R29),$B$20:$O$31,3))*($R29-INT($R29)) -> 0.65 | T29: =HLOOKUP(INT($R29),$B$20:$O$31,4)+(HLOOKUP(INT($R29)+1,$B$20:$O$31,4)-HLOOKUP(INT($R29),$B$20:$O$31,4))*($R29-INT($R29)) -> 1.4 | U29: =HLOOKUP(INT($R29),$B$20:$O$31,5)+(HLOOKUP(INT($R29)+1,$B$20:$O$31,5)-HLOOKUP(INT($R29),$B$20:$O$31,5))*($R29-INT($R29)) -> 1.2 | V29: =HLOOKUP(INT($R29),$B$20:$O$31,6)+(HLOOKUP(INT($R29)+1,$B$20:$O$31,6)-HLOOKUP(INT($R29),$B$20:$O$31,6))*($R29-INT($R29)) -> 1 | W29: =HLOOKUP(INT($R29),$B$20:$O$31,7)+(HLOOKUP(INT($R29)+1,$B$20:$O$31,7)-HLOOKUP(INT($R29),$B$20:$O$31,7))*($R29-INT($R29)) -> 0.9 | X29: =HLOOKUP(INT($R29),$B$20:$O$31,8)+(HLOOKUP(INT($R29)+1,$B$20:$O$31,8)-HLOOKUP(INT($R29),$B$20:$O$31,8))*($R29-INT($R29)) -> 0.8 | Y29: =HLOOKUP(INT($R29),$B$20:$O$31,9)+(HLOOKUP(INT($R29)+1,$B$20:$O$31,9)-HLOOKUP(INT($R29),$B$20:$O$31,9))*($R29-INT($R29)) -> 0.8 | Z29: =HLOOKUP(INT($R29),$B$20:$O$31,10)+(HLOOKUP(INT($R29)+1,$B$20:$O$31,10)-HLOOKUP(INT($R29),$B$20:$O$31,10))*($R29-INT($R29)) -> 0.8 | AB29: 9구간 | AC29: =AC15 -> 0 | AD29: =HLOOKUP(INT($AC29),$B$20:$O$31,3)+(HLOOKUP(INT($AC29)+1,$B$20:$O$31,3)-HLOOKUP(INT($AC29),$B$20:$O$31,3))*($AC29-INT($AC29)) -> 0.65 | AE29: =HLOOKUP(INT($AC29),$B$20:$O$31,4)+(HLOOKUP(INT($AC29)+1,$B$20:$O$31,4)-HLOOKUP(INT($AC29),$B$20:$O$31,4))*($AC29-INT($AC29)) -> 1.4 | AF29: =HLOOKUP(INT($AC29),$B$20:$O$31,5)+(HLOOKUP(INT($AC29)+1,$B$20:$O$31,5)-HLOOKUP(INT($AC29),$B$20:$O$31,5))*($AC29-INT($AC29)) -> 1.2 | AG29: =HLOOKUP(INT($AC29),$B$20:$O$31,6)+(HLOOKUP(INT($AC29)+1,$B$20:$O$31,6)-HLOOKUP(INT($AC29),$B$20:$O$31,6))*($AC29-INT($AC29)) -> 1 | AH29: =HLOOKUP(INT($AC29),$B$20:$O$31,7)+(HLOOKUP(INT($AC29)+1,$B$20:$O$31,7)-HLOOKUP(INT($AC29),$B$20:$O$31,7))*($AC29-INT($AC29)) -> 0.9 | AI29: =HLOOKUP(INT($AC29),$B$20:$O$31,8)+(HLOOKUP(INT($AC29)+1,$B$20:$O$31,8)-HLOOKUP(INT($AC29),$B$20:$O$31,8))*($AC29-INT($AC29)) -> 0.8 | AJ29: =HLOOKUP(INT($AC29),$B$20:$O$31,9)+(HLOOKUP(INT($AC29)+1,$B$20:$O$31,9)-HLOOKUP(INT($AC29),$B$20:$O$31,9))*($AC29-INT($AC29)) -> 0.8 | AK29: =HLOOKUP(INT($AC29),$B$20:$O$31,10)+(HLOOKUP(INT($AC29)+1,$B$20:$O$31,10)-HLOOKUP(INT($AC29),$B$20:$O$31,10))*($AC29-INT($AC29)) -> 0.8
A30: 90 | B30: =C30 -> 0.45 | C30: 0.45 | D30: =(C30+E30)/2 -> 0.475 | E30: 0.5 | F30: =(E30+G30)/2 -> 0.55 | G30: 0.6 | H30: =(G30+I30)/2 -> 0.675 | I30: 0.75 | J30: =(I30+K30)/2 -> 0.85 | K30: 0.95 | L30: =(K30+M30)/2 -> 1 | M30: 1.05 | N30: =(M30+O30)/2 -> 1.25 | O30: 1.45 | Q30: 10구간 | R30: =R16 -> 0 | S30: =HLOOKUP(INT($R30),$B$20:$O$31,3)+(HLOOKUP(INT($R30)+1,$B$20:$O$31,3)-HLOOKUP(INT($R30),$B$20:$O$31,3))*($R30-INT($R30)) -> 0.65 | T30: =HLOOKUP(INT($R30),$B$20:$O$31,4)+(HLOOKUP(INT($R30)+1,$B$20:$O$31,4)-HLOOKUP(INT($R30),$B$20:$O$31,4))*($R30-INT($R30)) -> 1.4 | U30: =HLOOKUP(INT($R30),$B$20:$O$31,5)+(HLOOKUP(INT($R30)+1,$B$20:$O$31,5)-HLOOKUP(INT($R30),$B$20:$O$31,5))*($R30-INT($R30)) -> 1.2 | V30: =HLOOKUP(INT($R30),$B$20:$O$31,6)+(HLOOKUP(INT($R30)+1,$B$20:$O$31,6)-HLOOKUP(INT($R30),$B$20:$O$31,6))*($R30-INT($R30)) -> 1 | W30: =HLOOKUP(INT($R30),$B$20:$O$31,7)+(HLOOKUP(INT($R30)+1,$B$20:$O$31,7)-HLOOKUP(INT($R30),$B$20:$O$31,7))*($R30-INT($R30)) -> 0.9 | X30: =HLOOKUP(INT($R30),$B$20:$O$31,8)+(HLOOKUP(INT($R30)+1,$B$20:$O$31,8)-HLOOKUP(INT($R30),$B$20:$O$31,8))*($R30-INT($R30)) -> 0.8 | Y30: =HLOOKUP(INT($R30),$B$20:$O$31,9)+(HLOOKUP(INT($R30)+1,$B$20:$O$31,9)-HLOOKUP(INT($R30),$B$20:$O$31,9))*($R30-INT($R30)) -> 0.8 | Z30: =HLOOKUP(INT($R30),$B$20:$O$31,10)+(HLOOKUP(INT($R30)+1,$B$20:$O$31,10)-HLOOKUP(INT($R30),$B$20:$O$31,10))*($R30-INT($R30)) -> 0.8 | AB30: 10구간 | AC30: =AC16 -> 0 | AD30: =HLOOKUP(INT($AC30),$B$20:$O$31,3)+(HLOOKUP(INT($AC30)+1,$B$20:$O$31,3)-HLOOKUP(INT($AC30),$B$20:$O$31,3))*($AC30-INT($AC30)) -> 0.65 | AE30: =HLOOKUP(INT($AC30),$B$20:$O$31,4)+(HLOOKUP(INT($AC30)+1,$B$20:$O$31,4)-HLOOKUP(INT($AC30),$B$20:$O$31,4))*($AC30-INT($AC30)) -> 1.4 | AF30: =HLOOKUP(INT($AC30),$B$20:$O$31,5)+(HLOOKUP(INT($AC30)+1,$B$20:$O$31,5)-HLOOKUP(INT($AC30),$B$20:$O$31,5))*($AC30-INT($AC30)) -> 1.2 | AG30: =HLOOKUP(INT($AC30),$B$20:$O$31,6)+(HLOOKUP(INT($AC30)+1,$B$20:$O$31,6)-HLOOKUP(INT($AC30),$B$20:$O$31,6))*($AC30-INT($AC30)) -> 1 | AH30: =HLOOKUP(INT($AC30),$B$20:$O$31,7)+(HLOOKUP(INT($AC30)+1,$B$20:$O$31,7)-HLOOKUP(INT($AC30),$B$20:$O$31,7))*($AC30-INT($AC30)) -> 0.9 | AI30: =HLOOKUP(INT($AC30),$B$20:$O$31,8)+(HLOOKUP(INT($AC30)+1,$B$20:$O$31,8)-HLOOKUP(INT($AC30),$B$20:$O$31,8))*($AC30-INT($AC30)) -> 0.8 | AJ30: =HLOOKUP(INT($AC30),$B$20:$O$31,9)+(HLOOKUP(INT($AC30)+1,$B$20:$O$31,9)-HLOOKUP(INT($AC30),$B$20:$O$31,9))*($AC30-INT($AC30)) -> 0.8 | AK30: =HLOOKUP(INT($AC30),$B$20:$O$31,10)+(HLOOKUP(INT($AC30)+1,$B$20:$O$31,10)-HLOOKUP(INT($AC30),$B$20:$O$31,10))*($AC30-INT($AC30)) -> 0.8
A31: 100 | B31: =C31 -> 0.5 | C31: 0.5 | D31: =(C31+E31)/2 -> 0.525 | E31: 0.55 | F31: =(E31+G31)/2 -> 0.575 | G31: 0.6 | H31: =(G31+I31)/2 -> 0.625 | I31: 0.65 | J31: =(I31+K31)/2 -> 0.725 | K31: 0.8 | L31: =(K31+M31)/2 -> 0.875 | M31: 0.95 | N31: =(M31+O31)/2 -> 1.15 | O31: 1.35
A32: (3) 소형버스,소형트럭 / 경유
C33: 경사도(%) | Q33: (2.1-3) 소형버스,소형트럭 / 경유 | AB33: (2.2-3) 소형버스,소형트럭 / 경유 | AM33: 검증
A34: 차속 | B34: -100 | C34: -6 | D34: =(C34+E34)/2 -> -5 | E34: -4 | F34: =(E34+G34)/2 -> -3 | G34: -2 | H34: =(G34+I34)/2 -> -1 | I34: 0 | J34: =(I34+K34)/2 -> 1 | K34: 2 | L34: =(K34+M34)/2 -> 3 | M34: 4 | N34: =(M34+O34)/2 -> 5 | O34: 6 | Q34: 구간 | R34: 경사도(%) | S34: 10 | T34: 20 | U34: 30 | V34: 40 | W34: 50 | X34: 60 | Y34: 70 | Z34: 80 | AB34: 구간 | AC34: 경사도(%) | AD34: 10 | AE34: 20 | AF34: 30 | AG34: 40 | AH34: 50 | AI34: 60 | AJ34: 70 | AK34: 80 | AM34: 구분 | AN34: 10 | AO34: 20 | AP34: 30 | AQ34: 40 | AR34: 50 | AS34: 60 | AT34: 70 | AU34: 80
A35: 0 | B35: =C35 -> 0.2 | C35: 0.2 | D35: =(C35+E35)/2 -> 0.2 | E35: 0.2 | F35: =(E35+G35)/2 -> 0.2 | G35: 0.2 | H35: =(G35+I35)/2 -> 0.2 | I35: 0.2 | J35: =(I35+K35)/2 -> 0.2 | K35: 0.2 | L35: =(K35+M35)/2 -> 0.2 | M35: 0.2 | N35: =(M35+O35)/2 -> 0.2 | O35: 0.2 | Q35: 1구간 | R35: =R21 -> 0 | S35: =HLOOKUP(INT($R35),$B$34:$O$45,3)+(HLOOKUP(INT($R35)+1,$B$34:$O$45,3)-HLOOKUP(INT($R35),$B$34:$O$45,3))*($R35-INT($R35)) -> 0.75 | T35: =HLOOKUP(INT($R35),$B$34:$O$45,4)+(HLOOKUP(INT($R35)+1,$B$34:$O$45,4)-HLOOKUP(INT($R35),$B$34:$O$45,4))*($R35-INT($R35)) -> 0.9 | U35: =HLOOKUP(INT($R35),$B$34:$O$45,5)+(HLOOKUP(INT($R35)+1,$B$34:$O$45,5)-HLOOKUP(INT($R35),$B$34:$O$45,5))*($R35-INT($R35)) -> 1 | V35: =HLOOKUP(INT($R35),$B$34:$O$45,6)+(HLOOKUP(INT($R35)+1,$B$34:$O$45,6)-HLOOKUP(INT($R35),$B$34:$O$45,6))*($R35-INT($R35)) -> 1 | W35: =HLOOKUP(INT($R35),$B$34:$O$45,7)+(HLOOKUP(INT($R35)+1,$B$34:$O$45,7)-HLOOKUP(INT($R35),$B$34:$O$45,7))*($R35-INT($R35)) -> 1.05 | X35: =HLOOKUP(INT($R35),$B$34:$O$45,8)+(HLOOKUP(INT($R35)+1,$B$34:$O$45,8)-HLOOKUP(INT($R35),$B$34:$O$45,8))*($R35-INT($R35)) -> 1.05 | Y35: =HLOOKUP(INT($R35),$B$34:$O$45,9)+(HLOOKUP(INT($R35)+1,$B$34:$O$45,9)-HLOOKUP(INT($R35),$B$34:$O$45,9))*($R35-INT($R35)) -> 1.15 | Z35: =HLOOKUP(INT($R35),$B$34:$O$45,10)+(HLOOKUP(INT($R35)+1,$B$34:$O$45,10)-HLOOKUP(INT($R35),$B$34:$O$45,10))*($R35-INT($R35)) -> 1.25 | AB35: 1구간 | AC35: =AC21 -> 1.784 | AD35: =HLOOKUP(INT($AC35),$B$34:$O$45,3)+(HLOOKUP(INT($AC35)+1,$B$34:$O$45,3)-HLOOKUP(INT($AC35),$B$34:$O$45,3))*($AC35-INT($AC35)) -> 0.7946 | AE35: =HLOOKUP(INT($AC35),$B$34:$O$45,4)+(HLOOKUP(INT($AC35)+1,$B$34:$O$45,4)-HLOOKUP(INT($AC35),$B$34:$O$45,4))*($AC35-INT($AC35)) -> 0.9446 | AF35: =HLOOKUP(INT($AC35),$B$34:$O$45,5)+(HLOOKUP(INT($AC35)+1,$B$34:$O$45,5)-HLOOKUP(INT($AC35),$B$34:$O$45,5))*($AC35-INT($AC35)) -> 1.0892 | AG35: =HLOOKUP(INT($AC35),$B$34:$O$45,6)+(HLOOKUP(INT($AC35)+1,$B$34:$O$45,6)-HLOOKUP(INT($AC35),$B$34:$O$45,6))*($AC35-INT($AC35)) -> 1.1338 | AH35: =HLOOKUP(INT($AC35),$B$34:$O$45,7)+(HLOOKUP(INT($AC35)+1,$B$34:$O$45,7)-HLOOKUP(INT($AC35),$B$34:$O$45,7))*($AC35-INT($AC35)) -> 1.2284 | AI35: =HLOOKUP(INT($AC35),$B$34:$O$45,8)+(HLOOKUP(INT($AC35)+1,$B$34:$O$45,8)-HLOOKUP(INT($AC35),$B$34:$O$45,8))*($AC35-INT($AC35)) -> 1.3176 | AJ35: =HLOOKUP(INT($AC35),$B$34:$O$45,9)+(HLOOKUP(INT($AC35)+1,$B$34:$O$45,9)-HLOOKUP(INT($AC35),$B$34:$O$45,9))*($AC35-INT($AC35)) -> 1.4622 | AK35: =HLOOKUP(INT($AC35),$B$34:$O$45,10)+(HLOOKUP(INT($AC35)+1,$B$34:$O$45,10)-HLOOKUP(INT($AC35),$B$34:$O$45,10))*($AC35-INT($AC35)) -> 1.6068 | AM35: 경사도(%) | AN35: -6 | AO35: =AN35 -> -6 | AP35: =AO35 -> -6 | AQ35: =AP35 -> -6 | AR35: =AQ35 -> -6 | AS35: =AR35 -> -6 | AT35: =AS35 -> -6 | AU35: =AT35 -> -6
A36: 10 | B36: =C36 -> 0.45 | C36: 0.45 | D36: =(C36+E36)/2 -> 0.475 | E36: 0.5 | F36: =(E36+G36)/2 -> 0.55 | G36: 0.6 | H36: =(G36+I36)/2 -> 0.675 | I36: 0.75 | J36: =(I36+K36)/2 -> 0.775 | K36: 0.8 | L36: =(K36+M36)/2 -> 0.85 | M36: 0.9 | N36: =(M36+O36)/2 -> 0.975 | O36: 1.05 | Q36: 2구간 | R36: =R22 -> 0 | S36: =HLOOKUP(INT($R36),$B$34:$O$45,3)+(HLOOKUP(INT($R36)+1,$B$34:$O$45,3)-HLOOKUP(INT($R36),$B$34:$O$45,3))*($R36-INT($R36)) -> 0.75 | T36: =HLOOKUP(INT($R36),$B$34:$O$45,4)+(HLOOKUP(INT($R36)+1,$B$34:$O$45,4)-HLOOKUP(INT($R36),$B$34:$O$45,4))*($R36-INT($R36)) -> 0.9 | U36: =HLOOKUP(INT($R36),$B$34:$O$45,5)+(HLOOKUP(INT($R36)+1,$B$34:$O$45,5)-HLOOKUP(INT($R36),$B$34:$O$45,5))*($R36-INT($R36)) -> 1 | V36: =HLOOKUP(INT($R36),$B$34:$O$45,6)+(HLOOKUP(INT($R36)+1,$B$34:$O$45,6)-HLOOKUP(INT($R36),$B$34:$O$45,6))*($R36-INT($R36)) -> 1 | W36: =HLOOKUP(INT($R36),$B$34:$O$45,7)+(HLOOKUP(INT($R36)+1,$B$34:$O$45,7)-HLOOKUP(INT($R36),$B$34:$O$45,7))*($R36-INT($R36)) -> 1.05 | X36: =HLOOKUP(INT($R36),$B$34:$O$45,8)+(HLOOKUP(INT($R36)+1,$B$34:$O$45,8)-HLOOKUP(INT($R36),$B$34:$O$45,8))*($R36-INT($R36)) -> 1.05 | Y36: =HLOOKUP(INT($R36),$B$34:$O$45,9)+(HLOOKUP(INT($R36)+1,$B$34:$O$45,9)-HLOOKUP(INT($R36),$B$34:$O$45,9))*($R36-INT($R36)) -> 1.15 | Z36: =HLOOKUP(INT($R36),$B$34:$O$45,10)+(HLOOKUP(INT($R36)+1,$B$34:$O$45,10)-HLOOKUP(INT($R36),$B$34:$O$45,10))*($R36-INT($R36)) -> 1.25 | AB36: 2구간 | AC36: =AC22 -> 0 | AD36: =HLOOKUP(INT($AC36),$B$34:$O$45,3)+(HLOOKUP(INT($AC36)+1,$B$34:$O$45,3)-HLOOKUP(INT($AC36),$B$34:$O$45,3))*($AC36-INT($AC36)) -> 0.75 | AE36: =HLOOKUP(INT($AC36),$B$34:$O$45,4)+(HLOOKUP(INT($AC36)+1,$B$34:$O$45,4)-HLOOKUP(INT($AC36),$B$34:$O$45,4))*($AC36-INT($AC36)) -> 0.9 | AF36: =HLOOKUP(INT($AC36),$B$34:$O$45,5)+(HLOOKUP(INT($AC36)+1,$B$34:$O$45,5)-HLOOKUP(INT($AC36),$B$34:$O$45,5))*($AC36-INT($AC36)) -> 1 | AG36: =HLOOKUP(INT($AC36),$B$34:$O$45,6)+(HLOOKUP(INT($AC36)+1,$B$34:$O$45,6)-HLOOKUP(INT($AC36),$B$34:$O$45,6))*($AC36-INT($AC36)) -> 1 | AH36: =HLOOKUP(INT($AC36),$B$34:$O$45,7)+(HLOOKUP(INT($AC36)+1,$B$34:$O$45,7)-HLOOKUP(INT($AC36),$B$34:$O$45,7))*($AC36-INT($AC36)) -> 1.05 | AI36: =HLOOKUP(INT($AC36),$B$34:$O$45,8)+(HLOOKUP(INT($AC36)+1,$B$34:$O$45,8)-HLOOKUP(INT($AC36),$B$34:$O$45,8))*($AC36-INT($AC36)) -> 1.05 | AJ36: =HLOOKUP(INT($AC36),$B$34:$O$45,9)+(HLOOKUP(INT($AC36)+1,$B$34:$O$45,9)-HLOOKUP(INT($AC36),$B$34:$O$45,9))*($AC36-INT($AC36)) -> 1.15 | AK36: =HLOOKUP(INT($AC36),$B$34:$O$45,10)+(HLOOKUP(INT($AC36)+1,$B$34:$O$45,10)-HLOOKUP(INT($AC36),$B$34:$O$45,10))*($AC36-INT($AC36)) -> 1.25 | AM36: 보정계수 | AN36: =AN39+(AN41-AN39)*(AN35-AN38) -> 0.45 | AO36: =AO39+(AO41-AO39)*(AO35-AO38) -> 0.5 | AP36: =AP39+(AP41-AP39)*(AP35-AP38) -> 0.5 | AQ36: =AQ39+(AQ41-AQ39)*(AQ35-AQ38) -> 0.55 | AR36: =AR39+(AR41-AR39)*(AR35-AR38) -> 0.55 | AS36: =AS39+(AS41-AS39)*(AS35-AS38) -> 0.5 | AT36: =AT39+(AT41-AT39)*(AT35-AT38) -> 0.55 | AU36: =AU39+(AU41-AU39)*(AU35-AU38) -> 0.7
A37: 20 | B37: =C37 -> 0.5 | C37: 0.5 | D37: =(C37+E37)/2 -> 0.55 | E37: 0.6 | F37: =(E37+G37)/2 -> 0.675 | G37: 0.75 | H37: =(G37+I37)/2 -> 0.825 | I37: 0.9 | J37: =(I37+K37)/2 -> 0.925 | K37: 0.95 | L37: =(K37+M37)/2 -> 1 | M37: 1.05 | N37: =(M37+O37)/2 -> 1.1 | O37: 1.15 | Q37: 3구간 | R37: =R23 -> 0 | S37: =HLOOKUP(INT($R37),$B$34:$O$45,3)+(HLOOKUP(INT($R37)+1,$B$34:$O$45,3)-HLOOKUP(INT($R37),$B$34:$O$45,3))*($R37-INT($R37)) -> 0.75 | T37: =HLOOKUP(INT($R37),$B$34:$O$45,4)+(HLOOKUP(INT($R37)+1,$B$34:$O$45,4)-HLOOKUP(INT($R37),$B$34:$O$45,4))*($R37-INT($R37)) -> 0.9 | U37: =HLOOKUP(INT($R37),$B$34:$O$45,5)+(HLOOKUP(INT($R37)+1,$B$34:$O$45,5)-HLOOKUP(INT($R37),$B$34:$O$45,5))*($R37-INT($R37)) -> 1 | V37: =HLOOKUP(INT($R37),$B$34:$O$45,6)+(HLOOKUP(INT($R37)+1,$B$34:$O$45,6)-HLOOKUP(INT($R37),$B$34:$O$45,6))*($R37-INT($R37)) -> 1 | W37: =HLOOKUP(INT($R37),$B$34:$O$45,7)+(HLOOKUP(INT($R37)+1,$B$34:$O$45,7)-HLOOKUP(INT($R37),$B$34:$O$45,7))*($R37-INT($R37)) -> 1.05 | X37: =HLOOKUP(INT($R37),$B$34:$O$45,8)+(HLOOKUP(INT($R37)+1,$B$34:$O$45,8)-HLOOKUP(INT($R37),$B$34:$O$45,8))*($R37-INT($R37)) -> 1.05 | Y37: =HLOOKUP(INT($R37),$B$34:$O$45,9)+(HLOOKUP(INT($R37)+1,$B$34:$O$45,9)-HLOOKUP(INT($R37),$B$34:$O$45,9))*($R37-INT($R37)) -> 1.15 | Z37: =HLOOKUP(INT($R37),$B$34:$O$45,10)+(HLOOKUP(INT($R37)+1,$B$34:$O$45,10)-HLOOKUP(INT($R37),$B$34:$O$45,10))*($R37-INT($R37)) -> 1.25 | AB37: 3구간 | AC37: =AC23 -> 0 | AD37: =HLOOKUP(INT($AC37),$B$34:$O$45,3)+(HLOOKUP(INT($AC37)+1,$B$34:$O$45,3)-HLOOKUP(INT($AC37),$B$34:$O$45,3))*($AC37-INT($AC37)) -> 0.75 | AE37: =HLOOKUP(INT($AC37),$B$34:$O$45,4)+(HLOOKUP(INT($AC37)+1,$B$34:$O$45,4)-HLOOKUP(INT($AC37),$B$34:$O$45,4))*($AC37-INT($AC37)) -> 0.9 | AF37: =HLOOKUP(INT($AC37),$B$34:$O$45,5)+(HLOOKUP(INT($AC37)+1,$B$34:$O$45,5)-HLOOKUP(INT($AC37),$B$34:$O$45,5))*($AC37-INT($AC37)) -> 1 | AG37: =HLOOKUP(INT($AC37),$B$34:$O$45,6)+(HLOOKUP(INT($AC37)+1,$B$34:$O$45,6)-HLOOKUP(INT($AC37),$B$34:$O$45,6))*($AC37-INT($AC37)) -> 1 | AH37: =HLOOKUP(INT($AC37),$B$34:$O$45,7)+(HLOOKUP(INT($AC37)+1,$B$34:$O$45,7)-HLOOKUP(INT($AC37),$B$34:$O$45,7))*($AC37-INT($AC37)) -> 1.05 | AI37: =HLOOKUP(INT($AC37),$B$34:$O$45,8)+(HLOOKUP(INT($AC37)+1,$B$34:$O$45,8)-HLOOKUP(INT($AC37),$B$34:$O$45,8))*($AC37-INT($AC37)) -> 1.05 | AJ37: =HLOOKUP(INT($AC37),$B$34:$O$45,9)+(HLOOKUP(INT($AC37)+1,$B$34:$O$45,9)-HLOOKUP(INT($AC37),$B$34:$O$45,9))*($AC37-INT($AC37)) -> 1.15 | AK37: =HLOOKUP(INT($AC37),$B$34:$O$45,10)+(HLOOKUP(INT($AC37)+1,$B$34:$O$45,10)-HLOOKUP(INT($AC37),$B$34:$O$45,10))*($AC37-INT($AC37)) -> 1.25
A38: 30 | B38: =C38 -> 0.5 | C38: 0.5 | D38: =(C38+E38)/2 -> 0.575 | E38: 0.65 | F38: =(E38+G38)/2 -> 0.725 | G38: 0.8 | H38: =(G38+I38)/2 -> 0.9 | I38: 1 | J38: =(I38+K38)/2 -> 1.05 | K38: 1.1 | L38: =(K38+M38)/2 -> 1.15 | M38: 1.2 | N38: =(M38+O38)/2 -> 1.25 | O38: 1.3 | Q38: 4구간 | R38: =R24 -> 0 | S38: =HLOOKUP(INT($R38),$B$34:$O$45,3)+(HLOOKUP(INT($R38)+1,$B$34:$O$45,3)-HLOOKUP(INT($R38),$B$34:$O$45,3))*($R38-INT($R38)) -> 0.75 | T38: =HLOOKUP(INT($R38),$B$34:$O$45,4)+(HLOOKUP(INT($R38)+1,$B$34:$O$45,4)-HLOOKUP(INT($R38),$B$34:$O$45,4))*($R38-INT($R38)) -> 0.9 | U38: =HLOOKUP(INT($R38),$B$34:$O$45,5)+(HLOOKUP(INT($R38)+1,$B$34:$O$45,5)-HLOOKUP(INT($R38),$B$34:$O$45,5))*($R38-INT($R38)) -> 1 | V38: =HLOOKUP(INT($R38),$B$34:$O$45,6)+(HLOOKUP(INT($R38)+1,$B$34:$O$45,6)-HLOOKUP(INT($R38),$B$34:$O$45,6))*($R38-INT($R38)) -> 1 | W38: =HLOOKUP(INT($R38),$B$34:$O$45,7)+(HLOOKUP(INT($R38)+1,$B$34:$O$45,7)-HLOOKUP(INT($R38),$B$34:$O$45,7))*($R38-INT($R38)) -> 1.05 | X38: =HLOOKUP(INT($R38),$B$34:$O$45,8)+(HLOOKUP(INT($R38)+1,$B$34:$O$45,8)-HLOOKUP(INT($R38),$B$34:$O$45,8))*($R38-INT($R38)) -> 1.05 | Y38: =HLOOKUP(INT($R38),$B$34:$O$45,9)+(HLOOKUP(INT($R38)+1,$B$34:$O$45,9)-HLOOKUP(INT($R38),$B$34:$O$45,9))*($R38-INT($R38)) -> 1.15 | Z38: =HLOOKUP(INT($R38),$B$34:$O$45,10)+(HLOOKUP(INT($R38)+1,$B$34:$O$45,10)-HLOOKUP(INT($R38),$B$34:$O$45,10))*($R38-INT($R38)) -> 1.25 | AB38: 4구간 | AC38: =AC24 -> 0 | AD38: =HLOOKUP(INT($AC38),$B$34:$O$45,3)+(HLOOKUP(INT($AC38)+1,$B$34:$O$45,3)-HLOOKUP(INT($AC38),$B$34:$O$45,3))*($AC38-INT($AC38)) -> 0.75 | AE38: =HLOOKUP(INT($AC38),$B$34:$O$45,4)+(HLOOKUP(INT($AC38)+1,$B$34:$O$45,4)-HLOOKUP(INT($AC38),$B$34:$O$45,4))*($AC38-INT($AC38)) -> 0.9 | AF38: =HLOOKUP(INT($AC38),$B$34:$O$45,5)+(HLOOKUP(INT($AC38)+1,$B$34:$O$45,5)-HLOOKUP(INT($AC38),$B$34:$O$45,5))*($AC38-INT($AC38)) -> 1 | AG38: =HLOOKUP(INT($AC38),$B$34:$O$45,6)+(HLOOKUP(INT($AC38)+1,$B$34:$O$45,6)-HLOOKUP(INT($AC38),$B$34:$O$45,6))*($AC38-INT($AC38)) -> 1 | AH38: =HLOOKUP(INT($AC38),$B$34:$O$45,7)+(HLOOKUP(INT($AC38)+1,$B$34:$O$45,7)-HLOOKUP(INT($AC38),$B$34:$O$45,7))*($AC38-INT($AC38)) -> 1.05 | AI38: =HLOOKUP(INT($AC38),$B$34:$O$45,8)+(HLOOKUP(INT($AC38)+1,$B$34:$O$45,8)-HLOOKUP(INT($AC38),$B$34:$O$45,8))*($AC38-INT($AC38)) -> 1.05 | AJ38: =HLOOKUP(INT($AC38),$B$34:$O$45,9)+(HLOOKUP(INT($AC38)+1,$B$34:$O$45,9)-HLOOKUP(INT($AC38),$B$34:$O$45,9))*($AC38-INT($AC38)) -> 1.15 | AK38: =HLOOKUP(INT($AC38),$B$34:$O$45,10)+(HLOOKUP(INT($AC38)+1,$B$34:$O$45,10)-HLOOKUP(INT($AC38),$B$34:$O$45,10))*($AC38-INT($AC38)) -> 1.25 | AM38: 참고조건1 | AN38: =INT(AN35) -> -6 | AO38: =INT(AO35) -> -6 | AP38: =INT(AP35) -> -6 | AQ38: =INT(AQ35) -> -6 | AR38: =INT(AR35) -> -6 | AS38: =INT(AS35) -> -6 | AT38: =INT(AT35) -> -6 | AU38: =INT(AU35) -> -6
A39: 40 | B39: =C39 -> 0.55 | C39: 0.55 | D39: =(C39+E39)/2 -> 0.6 | E39: 0.65 | F39: =(E39+G39)/2 -> 0.75 | G39: 0.85 | H39: =(G39+I39)/2 -> 0.925 | I39: 1 | J39: =(I39+K39)/2 -> 1.075 | K39: 1.15 | L39: =(K39+M39)/2 -> 1.2 | M39: 1.25 | N39: =(M39+O39)/2 -> 1.35 | O39: 1.45 | Q39: 5구간 | R39: =R25 -> 0 | S39: =HLOOKUP(INT($R39),$B$34:$O$45,3)+(HLOOKUP(INT($R39)+1,$B$34:$O$45,3)-HLOOKUP(INT($R39),$B$34:$O$45,3))*($R39-INT($R39)) -> 0.75 | T39: =HLOOKUP(INT($R39),$B$34:$O$45,4)+(HLOOKUP(INT($R39)+1,$B$34:$O$45,4)-HLOOKUP(INT($R39),$B$34:$O$45,4))*($R39-INT($R39)) -> 0.9 | U39: =HLOOKUP(INT($R39),$B$34:$O$45,5)+(HLOOKUP(INT($R39)+1,$B$34:$O$45,5)-HLOOKUP(INT($R39),$B$34:$O$45,5))*($R39-INT($R39)) -> 1 | V39: =HLOOKUP(INT($R39),$B$34:$O$45,6)+(HLOOKUP(INT($R39)+1,$B$34:$O$45,6)-HLOOKUP(INT($R39),$B$34:$O$45,6))*($R39-INT($R39)) -> 1 | W39: =HLOOKUP(INT($R39),$B$34:$O$45,7)+(HLOOKUP(INT($R39)+1,$B$34:$O$45,7)-HLOOKUP(INT($R39),$B$34:$O$45,7))*($R39-INT($R39)) -> 1.05 | X39: =HLOOKUP(INT($R39),$B$34:$O$45,8)+(HLOOKUP(INT($R39)+1,$B$34:$O$45,8)-HLOOKUP(INT($R39),$B$34:$O$45,8))*($R39-INT($R39)) -> 1.05 | Y39: =HLOOKUP(INT($R39),$B$34:$O$45,9)+(HLOOKUP(INT($R39)+1,$B$34:$O$45,9)-HLOOKUP(INT($R39),$B$34:$O$45,9))*($R39-INT($R39)) -> 1.15 | Z39: =HLOOKUP(INT($R39),$B$34:$O$45,10)+(HLOOKUP(INT($R39)+1,$B$34:$O$45,10)-HLOOKUP(INT($R39),$B$34:$O$45,10))*($R39-INT($R39)) -> 1.25 | AB39: 5구간 | AC39: =AC25 -> 0 | AD39: =HLOOKUP(INT($AC39),$B$34:$O$45,3)+(HLOOKUP(INT($AC39)+1,$B$34:$O$45,3)-HLOOKUP(INT($AC39),$B$34:$O$45,3))*($AC39-INT($AC39)) -> 0.75 | AE39: =HLOOKUP(INT($AC39),$B$34:$O$45,4)+(HLOOKUP(INT($AC39)+1,$B$34:$O$45,4)-HLOOKUP(INT($AC39),$B$34:$O$45,4))*($AC39-INT($AC39)) -> 0.9 | AF39: =HLOOKUP(INT($AC39),$B$34:$O$45,5)+(HLOOKUP(INT($AC39)+1,$B$34:$O$45,5)-HLOOKUP(INT($AC39),$B$34:$O$45,5))*($AC39-INT($AC39)) -> 1 | AG39: =HLOOKUP(INT($AC39),$B$34:$O$45,6)+(HLOOKUP(INT($AC39)+1,$B$34:$O$45,6)-HLOOKUP(INT($AC39),$B$34:$O$45,6))*($AC39-INT($AC39)) -> 1 | AH39: =HLOOKUP(INT($AC39),$B$34:$O$45,7)+(HLOOKUP(INT($AC39)+1,$B$34:$O$45,7)-HLOOKUP(INT($AC39),$B$34:$O$45,7))*($AC39-INT($AC39)) -> 1.05 | AI39: =HLOOKUP(INT($AC39),$B$34:$O$45,8)+(HLOOKUP(INT($AC39)+1,$B$34:$O$45,8)-HLOOKUP(INT($AC39),$B$34:$O$45,8))*($AC39-INT($AC39)) -> 1.05 | AJ39: =HLOOKUP(INT($AC39),$B$34:$O$45,9)+(HLOOKUP(INT($AC39)+1,$B$34:$O$45,9)-HLOOKUP(INT($AC39),$B$34:$O$45,9))*($AC39-INT($AC39)) -> 1.15 | AK39: =HLOOKUP(INT($AC39),$B$34:$O$45,10)+(HLOOKUP(INT($AC39)+1,$B$34:$O$45,10)-HLOOKUP(INT($AC39),$B$34:$O$45,10))*($AC39-INT($AC39)) -> 1.25 | AM39: 참고값1 | AN39: =HLOOKUP(AN38,$B$34:$O$45,AN42) -> 0.45 | AO39: =HLOOKUP(AO38,$B$34:$O$45,AO42) -> 0.5 | AP39: =HLOOKUP(AP38,$B$34:$O$45,AP42) -> 0.5 | AQ39: =HLOOKUP(AQ38,$B$34:$O$45,AQ42) -> 0.55 | AR39: =HLOOKUP(AR38,$B$34:$O$45,AR42) -> 0.55 | AS39: =HLOOKUP(AS38,$B$34:$O$45,AS42) -> 0.5 | AT39: =HLOOKUP(AT38,$B$34:$O$45,AT42) -> 0.55 | AU39: =HLOOKUP(AU38,$B$34:$O$45,AU42) -> 0.7
A40: 50 | B40: =C40 -> 0.55 | C40: 0.55 | D40: =(C40+E40)/2 -> 0.625 | E40: 0.7 | F40: =(E40+G40)/2 -> 0.775 | G40: 0.85 | H40: =(G40+I40)/2 -> 0.95 | I40: 1.05 | J40: =(I40+K40)/2 -> 1.15 | K40: 1.25 | L40: =(K40+M40)/2 -> 1.325 | M40: 1.4 | N40: =(M40+O40)/2 -> 1.45 | O40: 1.5 | Q40: 6구간 | R40: =R26 -> 0 | S40: =HLOOKUP(INT($R40),$B$34:$O$45,3)+(HLOOKUP(INT($R40)+1,$B$34:$O$45,3)-HLOOKUP(INT($R40),$B$34:$O$45,3))*($R40-INT($R40)) -> 0.75 | T40: =HLOOKUP(INT($R40),$B$34:$O$45,4)+(HLOOKUP(INT($R40)+1,$B$34:$O$45,4)-HLOOKUP(INT($R40),$B$34:$O$45,4))*($R40-INT($R40)) -> 0.9 | U40: =HLOOKUP(INT($R40),$B$34:$O$45,5)+(HLOOKUP(INT($R40)+1,$B$34:$O$45,5)-HLOOKUP(INT($R40),$B$34:$O$45,5))*($R40-INT($R40)) -> 1 | V40: =HLOOKUP(INT($R40),$B$34:$O$45,6)+(HLOOKUP(INT($R40)+1,$B$34:$O$45,6)-HLOOKUP(INT($R40),$B$34:$O$45,6))*($R40-INT($R40)) -> 1 | W40: =HLOOKUP(INT($R40),$B$34:$O$45,7)+(HLOOKUP(INT($R40)+1,$B$34:$O$45,7)-HLOOKUP(INT($R40),$B$34:$O$45,7))*($R40-INT($R40)) -> 1.05 | X40: =HLOOKUP(INT($R40),$B$34:$O$45,8)+(HLOOKUP(INT($R40)+1,$B$34:$O$45,8)-HLOOKUP(INT($R40),$B$34:$O$45,8))*($R40-INT($R40)) -> 1.05 | Y40: =HLOOKUP(INT($R40),$B$34:$O$45,9)+(HLOOKUP(INT($R40)+1,$B$34:$O$45,9)-HLOOKUP(INT($R40),$B$34:$O$45,9))*($R40-INT($R40)) -> 1.15 | Z40: =HLOOKUP(INT($R40),$B$34:$O$45,10)+(HLOOKUP(INT($R40)+1,$B$34:$O$45,10)-HLOOKUP(INT($R40),$B$34:$O$45,10))*($R40-INT($R40)) -> 1.25 | AB40: 6구간 | AC40: =AC26 -> 0 | AD40: =HLOOKUP(INT($AC40),$B$34:$O$45,3)+(HLOOKUP(INT($AC40)+1,$B$34:$O$45,3)-HLOOKUP(INT($AC40),$B$34:$O$45,3))*($AC40-INT($AC40)) -> 0.75 | AE40: =HLOOKUP(INT($AC40),$B$34:$O$45,4)+(HLOOKUP(INT($AC40)+1,$B$34:$O$45,4)-HLOOKUP(INT($AC40),$B$34:$O$45,4))*($AC40-INT($AC40)) -> 0.9 | AF40: =HLOOKUP(INT($AC40),$B$34:$O$45,5)+(HLOOKUP(INT($AC40)+1,$B$34:$O$45,5)-HLOOKUP(INT($AC40),$B$34:$O$45,5))*($AC40-INT($AC40)) -> 1 | AG40: =HLOOKUP(INT($AC40),$B$34:$O$45,6)+(HLOOKUP(INT($AC40)+1,$B$34:$O$45,6)-HLOOKUP(INT($AC40),$B$34:$O$45,6))*($AC40-INT($AC40)) -> 1 | AH40: =HLOOKUP(INT($AC40),$B$34:$O$45,7)+(HLOOKUP(INT($AC40)+1,$B$34:$O$45,7)-HLOOKUP(INT($AC40),$B$34:$O$45,7))*($AC40-INT($AC40)) -> 1.05 | AI40: =HLOOKUP(INT($AC40),$B$34:$O$45,8)+(HLOOKUP(INT($AC40)+1,$B$34:$O$45,8)-HLOOKUP(INT($AC40),$B$34:$O$45,8))*($AC40-INT($AC40)) -> 1.05 | AJ40: =HLOOKUP(INT($AC40),$B$34:$O$45,9)+(HLOOKUP(INT($AC40)+1,$B$34:$O$45,9)-HLOOKUP(INT($AC40),$B$34:$O$45,9))*($AC40-INT($AC40)) -> 1.15 | AK40: =HLOOKUP(INT($AC40),$B$34:$O$45,10)+(HLOOKUP(INT($AC40)+1,$B$34:$O$45,10)-HLOOKUP(INT($AC40),$B$34:$O$45,10))*($AC40-INT($AC40)) -> 1.25 | AM40: 참고조건2 | AN40: =AN38+1 -> -5 | AO40: =AO38+1 -> -5 | AP40: =AP38+1 -> -5 | AQ40: =AQ38+1 -> -5 | AR40: =AR38+1 -> -5 | AS40: =AS38+1 -> -5 | AT40: =AT38+1 -> -5 | AU40: =AU38+1 -> -5
